V,I(365),I(405),I(436),I(486),I(546),I(577),I(589),I(656),656 Chop
-4,-1.79569E-10,-2.26326E-10,-2.80357E-10,-2.48808E-11,-1.89726E-10,-8.63748E-11,-4.2944E-11,-4.7753E-12,
-3.99,-1.75573E-10,-2.17957E-10,-2.74692E-10,-2.15394E-11,-1.83194E-10,-8.36817E-11,-4.0878E-11,-3.69421E-12,
-3.98,-1.74521E-10,-2.14473E-10,-2.73415E-10,-2.00817E-11,-1.79493E-10,-8.26941E-11,-3.96462E-11,-3.14711E-12,
-3.97,-1.72163E-10,-2.1254E-10,-2.71211E-10,-1.9336E-11,-1.77393E-10,-8.16648E-11,-3.83654E-11,-3.01244E-12,
-3.96,-1.71533E-10,-2.11113E-10,-2.67457E-10,-1.81364E-11,-1.76028E-10,-8.06394E-11,-3.76646E-11,-2.59388E-12,
-3.95,-1.6993E-10,-2.08741E-10,-2.65887E-10,-1.91238E-11,-1.75342E-10,-7.9434E-11,-3.70937E-11,-2.1655E-12,
-3.94,-1.68885E-10,-2.05399E-10,-2.66936E-10,-1.84187E-11,-1.75554E-10,-7.91803E-11,-3.69056E-11,-2.07728E-12,
-3.93,-1.69254E-10,-2.04987E-10,-2.69395E-10,-1.76738E-11,-1.75488E-10,-7.92883E-11,-3.66551E-11,-2.19599E-12,
-3.92,-1.68683E-10,-2.05433E-10,-2.66451E-10,-1.74642E-11,-1.74181E-10,-7.84809E-11,-3.62015E-11,-1.93237E-12,
-3.91,-1.67656E-10,-2.04477E-10,-2.63562E-10,-1.72373E-11,-1.74484E-10,-7.77971E-11,-3.58612E-11,-1.82553E-12,
-3.9,-1.65786E-10,-2.03025E-10,-2.63336E-10,-1.75922E-11,-1.73375E-10,-7.73298E-11,-3.55953E-11,-1.66445E-12,-1.66445E-12
-3.89,-1.66321E-10,-2.04111E-10,-2.63322E-10,-1.67004E-11,-1.72802E-10,-7.74602E-11,-3.54203E-11,-1.88366E-12,-1.88366E-12
-3.88,-1.68357E-10,-2.04589E-10,-2.63171E-10,-1.61046E-11,-1.734E-10,-7.71276E-11,-3.56166E-11,-1.93012E-12,-1.93012E-12
-3.87,-1.67762E-10,-2.03647E-10,-2.64457E-10,-1.67546E-11,-1.72645E-10,-7.64143E-11,-3.50642E-11,-1.89123E-12,-1.89123E-12
-3.86,-1.66492E-10,-2.02152E-10,-2.62515E-10,-1.69214E-11,-1.71437E-10,-7.55906E-11,-3.50486E-11,-1.53796E-12,-1.53796E-12
-3.85,-1.6664E-10,-2.0152E-10,-2.61784E-10,-1.58984E-11,-1.71771E-10,-7.50141E-11,-3.49811E-11,-1.59159E-12,-1.59159E-12
-3.84,-1.67622E-10,-2.01551E-10,-2.62606E-10,-1.63518E-11,-1.71127E-10,-7.55305E-11,-3.47782E-11,-1.72565E-12,-1.72565E-12
-3.83,-1.671E-10,-2.02458E-10,-2.6305E-10,-1.63205E-11,-1.69534E-10,-7.54418E-11,-3.48235E-11,-1.9207E-12,-1.9207E-12
-3.82,-1.65221E-10,-2.02784E-10,-2.6186E-10,-1.66005E-11,-1.70141E-10,-7.51651E-11,-3.45132E-11,-1.31794E-12,-1.31794E-12
-3.81,-1.64941E-10,-2.02127E-10,-2.61031E-10,-1.6177E-11,-1.68705E-10,-7.45112E-11,-3.43474E-11,-9.44814E-13,-9.44814E-13
-3.8,-1.65879E-10,-2.00042E-10,-2.60883E-10,-1.5107E-11,-1.71183E-10,-7.36401E-11,-3.41384E-11,-1.25653E-12,-1.25653E-12
-3.79,-1.66378E-10,-1.999E-10,-2.61316E-10,-1.50865E-11,-1.70723E-10,-7.52433E-11,-3.4216E-11,-2.53821E-12,-2.53821E-12
-3.78,-1.66127E-10,-2.00412E-10,-2.61765E-10,-1.57758E-11,-1.70403E-10,-7.54238E-11,-3.44202E-11,-1.92091E-12,-1.92091E-12
-3.77,-1.65224E-10,-2.00664E-10,-2.62623E-10,-1.52525E-11,-1.69946E-10,-7.57222E-11,-3.42596E-11,-1.07499E-12,-1.07499E-12
-3.76,-1.64033E-10,-2.00614E-10,-2.60262E-10,-1.55208E-11,-1.69615E-10,-7.53585E-11,-3.39747E-11,-7.19877E-13,-7.19877E-13
-3.75,-1.64528E-10,-2.00157E-10,-2.59101E-10,-1.55683E-11,-1.7027E-10,-7.47635E-11,-3.38001E-11,-1.45302E-12,-1.45302E-12
-3.74,-1.65575E-10,-2.00139E-10,-2.60041E-10,-1.53577E-11,-1.69629E-10,-7.48976E-11,-3.38105E-11,-1.98211E-12,-1.98211E-12
-3.73,-1.64039E-10,-2.01591E-10,-2.58698E-10,-1.49594E-11,-1.69845E-10,-7.48692E-11,-3.38596E-11,-1.62208E-12,-1.62208E-12
-3.72,-1.63746E-10,-2.00461E-10,-2.58333E-10,-1.48065E-11,-1.69671E-10,-7.50386E-11,-3.41106E-11,-1.14274E-12,-1.14274E-12
-3.71,-1.62721E-10,-2.00544E-10,-2.58165E-10,-1.51825E-11,-1.69369E-10,-7.48552E-11,-3.40017E-11,-1.57358E-12,-1.57358E-12
-3.7,-1.63504E-10,-2.00666E-10,-2.59282E-10,-1.5327E-11,-1.68805E-10,-7.44557E-11,-3.37131E-11,-1.706E-12,-1.706E-12
-3.69,-1.66798E-10,-2.01024E-10,-2.60336E-10,-1.50953E-11,-1.68854E-10,-7.40077E-11,-3.37125E-11,-1.55004E-12,-1.55004E-12
-3.68,-1.65459E-10,-2.01473E-10,-2.57496E-10,-1.46227E-11,-1.69354E-10,-7.40275E-11,-3.37858E-11,-1.34516E-12,-1.34516E-12
-3.67,-1.63261E-10,-2.00705E-10,-2.56294E-10,-1.45805E-11,-1.69569E-10,-7.43022E-11,-3.38087E-11,-4.61577E-13,-4.61577E-13
-3.66,-1.63125E-10,-2.00069E-10,-2.58419E-10,-1.47705E-11,-1.69477E-10,-7.40854E-11,-3.36177E-11,-1.04797E-12,-1.04797E-12
-3.65,-1.62689E-10,-1.99351E-10,-2.58159E-10,-1.50816E-11,-1.68607E-10,-7.38597E-11,-3.32012E-11,-2.19231E-12,-2.19231E-12
-3.64,-1.64573E-10,-1.99346E-10,-2.58914E-10,-1.47531E-11,-1.68336E-10,-7.41287E-11,-3.3261E-11,-1.53223E-12,-1.53223E-12
-3.63,-1.64955E-10,-1.99707E-10,-2.57666E-10,-1.45122E-11,-1.69082E-10,-7.42079E-11,-3.35088E-11,-1.32367E-12,-1.32367E-12
-3.62,-1.64582E-10,-1.98566E-10,-2.55726E-10,-1.44915E-11,-1.68895E-10,-7.43918E-11,-3.38009E-11,-1.39878E-12,-1.39878E-12
-3.61,-1.63227E-10,-1.98287E-10,-2.56271E-10,-1.47125E-11,-1.69006E-10,-7.42641E-11,-3.35774E-11,-1.50644E-12,-1.50644E-12
-3.6,-1.63528E-10,-1.99683E-10,-2.57472E-10,-1.50054E-11,-1.69004E-10,-7.40492E-11,-3.33263E-11,-1.78071E-12,-1.78071E-12
-3.59,-1.63898E-10,-2.00562E-10,-2.58405E-10,-1.46456E-11,-1.68777E-10,-7.40001E-11,-3.34198E-11,-1.51524E-12,-1.51524E-12
-3.58,-1.62948E-10,-2.00198E-10,-2.57341E-10,-1.4331E-11,-1.68163E-10,-7.41278E-11,-3.34266E-11,-1.17548E-12,-1.17548E-12
-3.57,-1.62246E-10,-1.99343E-10,-2.56356E-10,-1.43589E-11,-1.68139E-10,-7.38624E-11,-3.3237E-11,-1.10876E-12,-1.10876E-12
-3.56,-1.62134E-10,-1.97969E-10,-2.57424E-10,-1.44432E-11,-1.68775E-10,-7.37604E-11,-3.30362E-11,-1.51647E-12,-1.51647E-12
-3.55,-1.62928E-10,-1.98484E-10,-2.5834E-10,-1.4629E-11,-1.6901E-10,-7.38343E-11,-3.29386E-11,-1.62372E-12,-1.62372E-12
-3.54,-1.6292E-10,-1.99095E-10,-2.57682E-10,-1.44698E-11,-1.68862E-10,-7.39551E-11,-3.34536E-11,-1.51115E-12,-1.51115E-12
-3.53,-1.64024E-10,-1.99978E-10,-2.54783E-10,-1.41022E-11,-1.68575E-10,-7.39348E-11,-3.3579E-11,-1.19186E-12,-1.19186E-12
-3.52,-1.63668E-10,-1.99193E-10,-2.55026E-10,-1.39673E-11,-1.68622E-10,-7.41466E-11,-3.34963E-11,-1.40758E-12,-1.40758E-12
-3.51,-1.64166E-10,-1.97054E-10,-2.55375E-10,-1.41802E-11,-1.68326E-10,-7.38806E-11,-3.32694E-11,-1.58831E-12,-1.58831E-12
-3.5,-1.64848E-10,-1.97044E-10,-2.56935E-10,-1.48837E-11,-1.67609E-10,-7.3732E-11,-3.29689E-11,-1.67325E-12,-1.67325E-12
-3.49,-1.63039E-10,-1.98328E-10,-2.56418E-10,-1.45433E-11,-1.67425E-10,-7.40306E-11,-3.31236E-11,-1.19247E-12,-1.19247E-12
-3.48,-1.61723E-10,-1.98887E-10,-2.56187E-10,-1.42672E-11,-1.6734E-10,-7.31971E-11,-3.3316E-11,-1.26063E-12,-1.26063E-12
-3.47,-1.61951E-10,-1.98823E-10,-2.5586E-10,-1.37422E-11,-1.67603E-10,-7.33441E-11,-3.3271E-11,-1.50358E-12,-1.50358E-12
-3.46,-1.62762E-10,-1.97311E-10,-2.54709E-10,-1.39464E-11,-1.67809E-10,-7.33851E-11,-3.33584E-11,-1.35253E-12,-1.35253E-12
-3.45,-1.63233E-10,-1.9808E-10,-2.56373E-10,-1.47209E-11,-1.67678E-10,-7.30866E-11,-3.29982E-11,-1.20168E-12,-1.20168E-12
-3.44,-1.62416E-10,-1.98456E-10,-2.58254E-10,-1.45238E-11,-1.6745E-10,-7.25864E-11,-3.32325E-11,-1.08215E-12,-1.08215E-12
-3.43,-1.61446E-10,-1.98247E-10,-2.56616E-10,-1.41638E-11,-1.66985E-10,-7.27311E-11,-3.34572E-11,-1.26943E-12,-1.26943E-12
-3.42,-1.61245E-10,-1.97265E-10,-2.561E-10,-1.38251E-11,-1.67052E-10,-7.31153E-11,-3.30434E-11,-1.51156E-12,-1.51156E-12
-3.41,-1.6204E-10,-1.96918E-10,-2.54341E-10,-1.39646E-11,-1.66995E-10,-7.36004E-11,-3.2772E-11,-1.46612E-12,-1.46612E-12
-3.4,-1.62913E-10,-1.96609E-10,-2.55041E-10,-1.45644E-11,-1.67717E-10,-7.29069E-11,-3.28451E-11,-1.4606E-12,-1.4606E-12
-3.39,-1.63376E-10,-1.97573E-10,-2.54742E-10,-1.41771E-11,-1.67566E-10,-7.2996E-11,-3.29536E-11,-1.29522E-12,-1.29522E-12
-3.38,-1.61639E-10,-1.96929E-10,-2.53513E-10,-1.39573E-11,-1.6753E-10,-7.25995E-11,-3.34247E-11,-9.75925E-13,-9.75925E-13
-3.37,-1.6232E-10,-1.96747E-10,-2.55422E-10,-1.38453E-11,-1.67219E-10,-7.30175E-11,-3.32943E-11,-1.09239E-12,-1.09239E-12
-3.36,-1.62915E-10,-1.97538E-10,-2.56265E-10,-1.41773E-11,-1.66886E-10,-7.29835E-11,-3.29075E-11,-1.47799E-12,-1.47799E-12
-3.35,-1.62206E-10,-1.98222E-10,-2.55536E-10,-1.47187E-11,-1.66791E-10,-7.2925E-11,-3.25329E-11,-1.30607E-12,-1.30607E-12
-3.34,-1.6055E-10,-1.98089E-10,-2.54853E-10,-1.42125E-11,-1.66896E-10,-7.28326E-11,-3.28113E-11,-1.21642E-12,-1.21642E-12
-3.33,-1.60115E-10,-1.97631E-10,-2.5555E-10,-1.39823E-11,-1.66874E-10,-7.25422E-11,-3.31687E-11,-1.35601E-12,-1.35601E-12
-3.32,-1.61627E-10,-1.95283E-10,-2.5636E-10,-1.38109E-11,-1.66894E-10,-7.2532E-11,-3.31502E-11,-1.22972E-12,-1.22972E-12
-3.31,-1.60961E-10,-1.95962E-10,-2.5421E-10,-1.41724E-11,-1.66658E-10,-7.25205E-11,-3.28271E-11,-1.34188E-12,-1.34188E-12
-3.3,-1.60774E-10,-1.97127E-10,-2.53241E-10,-1.46767E-11,-1.6593E-10,-7.24352E-11,-3.2525E-11,-1.35744E-12,-1.35744E-12
-3.29,-1.60206E-10,-1.96492E-10,-2.5333E-10,-1.41462E-11,-1.65753E-10,-7.23785E-11,-3.25675E-11,-1.30422E-12,-1.30422E-12
-3.28,-1.60715E-10,-1.95939E-10,-2.5583E-10,-1.3956E-11,-1.65547E-10,-7.24996E-11,-3.27874E-11,-1.23566E-12,-1.23566E-12
-3.27,-1.62198E-10,-1.95884E-10,-2.5577E-10,-1.35796E-11,-1.65748E-10,-7.2629E-11,-3.30145E-11,-1.17016E-12,-1.17016E-12
-3.26,-1.61675E-10,-1.96187E-10,-2.55045E-10,-1.37796E-11,-1.65802E-10,-7.26352E-11,-3.27847E-11,-1.18203E-12,-1.18203E-12
-3.25,-1.59633E-10,-1.95331E-10,-2.54127E-10,-1.4663E-11,-1.66484E-10,-7.25723E-11,-3.28144E-11,-1.42826E-12,-1.42826E-12
-3.24,-1.61739E-10,-1.94733E-10,-2.54116E-10,-1.41685E-11,-1.66499E-10,-7.25674E-11,-3.28576E-11,-1.22461E-12,-1.22461E-12
-3.23,-1.62427E-10,-1.94292E-10,-2.54618E-10,-1.38613E-11,-1.66455E-10,-7.25426E-11,-3.2634E-11,-1.20189E-12,-1.20189E-12
-3.22,-1.61129E-10,-1.93858E-10,-2.5205E-10,-1.36015E-11,-1.66513E-10,-7.24417E-11,-3.28744E-11,-1.11572E-12,-1.11572E-12
-3.21,-1.60047E-10,-1.94112E-10,-2.51446E-10,-1.37538E-11,-1.6601E-10,-7.22158E-11,-3.27112E-11,-1.06844E-12,-1.06844E-12
-3.2,-1.60197E-10,-1.93609E-10,-2.52281E-10,-1.4398E-11,-1.659E-10,-7.20964E-11,-3.27354E-11,-1.41679E-12,-1.41679E-12
-3.19,-1.61871E-10,-1.93595E-10,-2.54498E-10,-1.39172E-11,-1.65779E-10,-7.22053E-11,-3.27906E-11,-1.15502E-12,-1.15502E-12
-3.18,-1.62271E-10,-1.9455E-10,-2.55118E-10,-1.35608E-11,-1.66119E-10,-7.2474E-11,-3.27462E-11,-1.02505E-12,-1.02505E-12
-3.17,-1.57943E-10,-1.95262E-10,-2.55019E-10,-1.34433E-11,-1.66352E-10,-7.26298E-11,-3.2476E-11,-1.07274E-12,-1.07274E-12
-3.16,-1.57243E-10,-1.95561E-10,-2.52922E-10,-1.37776E-11,-1.66339E-10,-7.26861E-11,-3.23848E-11,-1.24425E-12,-1.24425E-12
-3.15,-1.59359E-10,-1.94354E-10,-2.54101E-10,-1.44086E-11,-1.65422E-10,-7.25348E-11,-3.24376E-11,-1.34004E-12,-1.34004E-12
-3.14,-1.58127E-10,-1.93836E-10,-2.51446E-10,-1.40862E-11,-1.65376E-10,-7.2116E-11,-3.25677E-11,-1.32899E-12,-1.32899E-12
-3.13,-1.61025E-10,-1.94492E-10,-2.54542E-10,-1.37082E-11,-1.66135E-10,-7.15055E-11,-3.27526E-11,-1.2463E-12,-1.2463E-12
-3.12,-1.58608E-10,-1.955E-10,-2.53112E-10,-1.3506E-11,-1.66516E-10,-7.18379E-11,-3.27065E-11,-1.02894E-12,-1.02894E-12
-3.11,-1.58709E-10,-1.94793E-10,-2.52889E-10,-1.37217E-11,-1.66447E-10,-7.20553E-11,-3.26058E-11,-1.00642E-12,-1.00642E-12
-3.1,-1.60431E-10,-1.94282E-10,-2.53166E-10,-1.45273E-11,-1.66134E-10,-7.19814E-11,-3.24973E-11,-1.23382E-12,-1.23382E-12
-3.09,-1.61131E-10,-1.92903E-10,-2.53033E-10,-1.39104E-11,-1.65859E-10,-7.15571E-11,-3.22141E-11,-1.28171E-12,-1.28171E-12
-3.08,-1.61169E-10,-1.93348E-10,-2.53505E-10,-1.356E-11,-1.65467E-10,-7.13577E-11,-3.23954E-11,-1.10364E-12,-1.10364E-12
-3.07,-1.5987E-10,-1.93743E-10,-2.5465E-10,-1.33392E-11,-1.65277E-10,-7.13485E-11,-3.23989E-11,-1.0404E-12,-1.0404E-12
-3.06,-1.60519E-10,-1.94939E-10,-2.555E-10,-1.37555E-11,-1.6475E-10,-7.14589E-11,-3.2491E-11,-1.14908E-12,-1.14908E-12
-3.05,-1.60566E-10,-1.94339E-10,-2.5603E-10,-1.43652E-11,-1.64419E-10,-7.16033E-11,-3.23477E-11,-1.16238E-12,-1.16238E-12
-3.04,-1.60882E-10,-1.94043E-10,-2.53551E-10,-1.38079E-11,-1.64854E-10,-7.14855E-11,-3.23379E-11,-1.33411E-12,-1.33411E-12
-3.03,-1.58907E-10,-1.94377E-10,-2.52831E-10,-1.37039E-11,-1.65075E-10,-7.12935E-11,-3.21154E-11,-1.01297E-12,-1.01297E-12
-3.02,-1.583E-10,-1.94902E-10,-2.53131E-10,-1.35129E-11,-1.65696E-10,-7.14044E-11,-3.21877E-11,-9.89843E-13,-9.89843E-13
-3.01,-1.58652E-10,-1.93659E-10,-2.53385E-10,-1.38134E-11,-1.65078E-10,-7.11314E-11,-3.22937E-11,-1.08645E-12,-1.08645E-12
-3,-1.59401E-10,-1.92645E-10,-2.53758E-10,-1.43009E-11,-1.64936E-10,-7.10546E-11,-3.22838E-11,-1.19002E-12,-1.19002E-12
-2.99,-1.59773E-10,-1.9247E-10,-2.52112E-10,-1.38719E-11,-1.64799E-10,-7.11248E-11,-3.22106E-11,-1.20639E-12,-1.20639E-12
-2.98,-1.59166E-10,-1.92342E-10,-2.51246E-10,-1.35119E-11,-1.64694E-10,-7.0941E-11,-3.22419E-11,-1.0056E-12,-1.0056E-12
-2.97,-1.58106E-10,-1.93101E-10,-2.53058E-10,-1.33158E-11,-1.65015E-10,-7.10155E-11,-3.2324E-11,-8.16483E-13,-8.16483E-13
-2.96,-1.58726E-10,-1.92848E-10,-2.54845E-10,-1.37158E-11,-1.64039E-10,-7.12345E-11,-3.2054E-11,-9.77972E-13,-9.77972E-13
-2.95,-1.59645E-10,-1.9282E-10,-2.54035E-10,-1.43013E-11,-1.63576E-10,-7.14851E-11,-3.20084E-11,-1.09136E-12,-1.09136E-12
-2.94,-1.59683E-10,-1.92722E-10,-2.53417E-10,-1.3708E-11,-1.63711E-10,-7.09065E-11,-3.19791E-11,-1.1544E-12,-1.1544E-12
-2.93,-1.59609E-10,-1.93697E-10,-2.51642E-10,-1.34353E-11,-1.64312E-10,-7.07308E-11,-3.18675E-11,-9.51978E-13,-9.51978E-13
-2.92,-1.59427E-10,-1.93354E-10,-2.52444E-10,-1.34069E-11,-1.64902E-10,-7.06164E-11,-3.18772E-11,-9.51773E-13,-9.51773E-13
-2.91,-1.59436E-10,-1.91686E-10,-2.54336E-10,-1.37387E-11,-1.64978E-10,-7.07243E-11,-3.20677E-11,-7.48327E-13,-7.48327E-13
-2.9,-1.58708E-10,-1.91569E-10,-2.53473E-10,-1.40385E-11,-1.64315E-10,-7.11514E-11,-3.21471E-11,-3.73976E-13,-3.73976E-13
-2.89,-1.58121E-10,-1.91772E-10,-2.51418E-10,-1.38594E-11,-1.63778E-10,-7.07073E-11,-3.19727E-11,-7.63677E-13,-7.63677E-13
-2.88,-1.57962E-10,-1.93272E-10,-2.52174E-10,-1.32366E-11,-1.64002E-10,-7.0739E-11,-3.21316E-11,-2.70616E-13,-2.70616E-13
-2.87,-1.58484E-10,-1.93454E-10,-2.51375E-10,-1.36028E-11,-1.64528E-10,-7.06033E-11,-3.21795E-11,-9.48703E-13,-9.48703E-13
-2.86,-1.58453E-10,-1.92809E-10,-2.52235E-10,-1.39041E-11,-1.64169E-10,-7.07521E-11,-3.22832E-11,-8.45956E-13,-8.45956E-13
-2.85,-1.58912E-10,-1.92212E-10,-2.51175E-10,-1.39694E-11,-1.63678E-10,-7.1213E-11,-3.22507E-11,-9.98644E-13,-9.98644E-13
-2.84,-1.5846E-10,-1.92666E-10,-2.50007E-10,-1.37033E-11,-1.63378E-10,-7.06825E-11,-3.19648E-11,-9.76539E-13,-9.76539E-13
-2.83,-1.57504E-10,-1.9359E-10,-2.50857E-10,-1.32196E-11,-1.63697E-10,-7.039E-11,-3.18772E-11,-8.38793E-13,-8.38793E-13
-2.82,-1.56528E-10,-1.92596E-10,-2.51862E-10,-1.36069E-11,-1.63727E-10,-7.02253E-11,-3.18671E-11,-1.0144E-12,-1.0144E-12
-2.81,-1.56231E-10,-1.91338E-10,-2.53589E-10,-1.38928E-11,-1.64398E-10,-7.07271E-11,-3.18782E-11,-1.37136E-12,-1.37136E-12
-2.8,-1.56313E-10,-1.91854E-10,-2.52835E-10,-1.4017E-11,-1.64043E-10,-7.13235E-11,-3.2064E-11,-9.96392E-13,-9.96392E-13
-2.79,-1.57221E-10,-1.93463E-10,-2.51242E-10,-1.35236E-11,-1.6346E-10,-7.10045E-11,-3.21205E-11,-1.30852E-12,-1.30852E-12
-2.78,-1.57488E-10,-1.93127E-10,-2.50721E-10,-1.31339E-11,-1.63073E-10,-7.07486E-11,-3.19467E-11,-1.06209E-12,-1.06209E-12
-2.77,-1.57323E-10,-1.92883E-10,-2.51294E-10,-1.34542E-11,-1.63295E-10,-7.04152E-11,-3.18557E-11,-8.31016E-13,-8.31016E-13
-2.76,-1.56486E-10,-1.92217E-10,-2.51921E-10,-1.36374E-11,-1.62941E-10,-7.02744E-11,-3.21252E-11,-7.50783E-13,-7.50783E-13
-2.75,-1.56214E-10,-1.9182E-10,-2.51714E-10,-1.38371E-11,-1.62885E-10,-7.09208E-11,-3.20438E-11,-7.09234E-13,-7.09234E-13
-2.74,-1.5702E-10,-1.92572E-10,-2.50398E-10,-1.35369E-11,-1.63331E-10,-7.06739E-11,-3.19805E-11,-7.18854E-13,-7.18854E-13
-2.73,-1.55945E-10,-1.92361E-10,-2.50316E-10,-1.32419E-11,-1.63804E-10,-7.05753E-11,-3.16485E-11,-8.53734E-13,-8.53734E-13
-2.72,-1.55726E-10,-1.91944E-10,-2.50655E-10,-1.35365E-11,-1.63048E-10,-7.04885E-11,-3.16706E-11,-7.45256E-13,-7.45256E-13
-2.71,-1.57177E-10,-1.92237E-10,-2.5013E-10,-1.38011E-11,-1.63333E-10,-7.05781E-11,-3.19371E-11,-1.44013E-12,-1.44013E-12
-2.7,-1.58049E-10,-1.93147E-10,-2.51172E-10,-1.38122E-11,-1.63329E-10,-7.10307E-11,-3.19408E-11,-8.30401E-13,-8.30401E-13
-2.69,-1.56633E-10,-1.93507E-10,-2.51478E-10,-1.35749E-11,-1.6316E-10,-7.09001E-11,-3.20722E-11,-9.21277E-13,-9.21277E-13
-2.68,-1.55334E-10,-1.92777E-10,-2.53608E-10,-1.2902E-11,-1.63683E-10,-7.01514E-11,-3.19441E-11,-2.16582E-13,-2.16582E-13
-2.67,-1.55324E-10,-1.91801E-10,-2.51773E-10,-1.34622E-11,-1.63432E-10,-7.00574E-11,-3.18608E-11,-3.4655E-13,-3.4655E-13
-2.66,-1.55895E-10,-1.91313E-10,-2.49618E-10,-1.39045E-11,-1.62633E-10,-7.02353E-11,-3.1693E-11,-5.44061E-13,-5.44061E-13
-2.65,-1.54724E-10,-1.92062E-10,-2.50197E-10,-1.37254E-11,-1.6224E-10,-6.98638E-11,-3.1589E-11,-8.26717E-13,-8.26717E-13
-2.64,-1.54983E-10,-1.9234E-10,-2.50923E-10,-1.33565E-11,-1.62333E-10,-7.0045E-11,-3.15681E-11,1.04001E-12,1.04001E-12
-2.63,-1.54392E-10,-1.91758E-10,-2.5253E-10,-1.28348E-11,-1.62585E-10,-6.98454E-11,-3.17542E-11,-3.15235E-13,-3.15235E-13
-2.62,-1.54224E-10,-1.92316E-10,-2.51266E-10,-1.33322E-11,-1.63085E-10,-6.94156E-11,-3.159E-11,-3.94444E-13,-3.94444E-13
-2.61,-1.55346E-10,-1.93055E-10,-2.50558E-10,-1.36826E-11,-1.62773E-10,-6.93353E-11,-3.16295E-11,-3.96491E-13,-3.96491E-13
-2.6,-1.56069E-10,-1.91856E-10,-2.4986E-10,-1.36597E-11,-1.62356E-10,-6.97738E-11,-3.1487E-11,-4.49297E-13,-4.49297E-13
-2.59,-1.55953E-10,-1.91146E-10,-2.50308E-10,-1.33874E-11,-1.62664E-10,-6.96694E-11,-3.14488E-11,-9.11657E-13,-9.11657E-13
-2.58,-1.5502E-10,-1.91034E-10,-2.49155E-10,-1.28817E-11,-1.63132E-10,-6.96065E-11,-3.13753E-11,-9.6958E-13,-9.6958E-13
-2.57,-1.55059E-10,-1.91715E-10,-2.49784E-10,-1.3331E-11,-1.62098E-10,-6.94526E-11,-3.13231E-11,-1.26452E-12,-1.26452E-12
-2.56,-1.5563E-10,-1.92262E-10,-2.49926E-10,-1.37473E-11,-1.61633E-10,-6.97705E-11,-3.15998E-11,-2.8965E-13,-2.8965E-13
-2.55,-1.54894E-10,-1.91643E-10,-2.50915E-10,-1.38459E-11,-1.61761E-10,-6.96913E-11,-3.17193E-11,-9.14727E-13,-9.14727E-13
-2.54,-1.53189E-10,-1.89822E-10,-2.51596E-10,-1.3317E-11,-1.62266E-10,-6.99254E-11,-3.15652E-11,-7.82916E-13,-7.82916E-13
-2.53,-1.53667E-10,-1.89486E-10,-2.51528E-10,-1.28184E-11,-1.62638E-10,-6.98026E-11,-3.13337E-11,-8.76248E-13,-8.76248E-13
-2.52,-1.54129E-10,-1.90129E-10,-2.50084E-10,-1.33703E-11,-1.62128E-10,-6.92561E-11,-3.11526E-11,-1.00397E-12,-1.00397E-12
-2.51,-1.52741E-10,-1.90309E-10,-2.48314E-10,-1.36095E-11,-1.6109E-10,-6.91061E-11,-3.11491E-11,-8.27945E-13,-8.27945E-13
-2.5,-1.52142E-10,-1.89573E-10,-2.48231E-10,-1.35068E-11,-1.61368E-10,-6.93001E-11,-3.13941E-11,-7.89466E-13,-7.89466E-13
-2.49,-1.5136E-10,-1.88907E-10,-2.48774E-10,-1.31854E-11,-1.6168E-10,-6.97494E-11,-3.16997E-11,-7.79437E-13,-7.79437E-13
-2.48,-1.5192E-10,-1.896E-10,-2.48559E-10,-1.26965E-11,-1.6155E-10,-6.95709E-11,-3.15843E-11,-7.09643E-13,-7.09643E-13
-2.47,-1.53155E-10,-1.92208E-10,-2.48798E-10,-1.30385E-11,-1.61341E-10,-6.91886E-11,-3.15364E-11,-7.35841E-13,-7.35841E-13
-2.46,-1.53228E-10,-1.91367E-10,-2.48382E-10,-1.36161E-11,-1.61286E-10,-6.91632E-11,-3.15781E-11,-1.10262E-12,-1.10262E-12
-2.45,-1.51916E-10,-1.91165E-10,-2.49223E-10,-1.3515E-11,-1.61481E-10,-6.92664E-11,-3.16281E-11,-1.1937E-12,-1.1937E-12
-2.44,-1.5145E-10,-1.91108E-10,-2.4833E-10,-1.31719E-11,-1.61938E-10,-6.9276E-11,-3.16539E-11,-1.05902E-12,-1.05902E-12
-2.43,-1.51467E-10,-1.914E-10,-2.47889E-10,-1.25978E-11,-1.61575E-10,-6.91781E-11,-3.16234E-11,-7.32567E-13,-7.32567E-13
-2.42,-1.50867E-10,-1.90964E-10,-2.4748E-10,-1.30319E-11,-1.61133E-10,-6.88922E-11,-3.14181E-11,-6.70755E-13,-6.70755E-13
-2.41,-1.49955E-10,-1.91735E-10,-2.47605E-10,-1.35692E-11,-1.60312E-10,-6.92432E-11,-3.15296E-11,-5.45084E-13,-5.45084E-13
-2.4,-1.48565E-10,-1.90946E-10,-2.49104E-10,-1.31873E-11,-1.60439E-10,-6.9547E-11,-3.1652E-11,-6.39849E-13,-6.39849E-13
-2.39,-1.48642E-10,-1.91197E-10,-2.47433E-10,-1.29275E-11,-1.61659E-10,-6.93713E-11,-3.11426E-11,-7.45461E-13,-7.45461E-13
-2.38,-1.48728E-10,-1.90566E-10,-2.47029E-10,-1.25468E-11,-1.613E-10,-6.90818E-11,-3.12077E-11,-6.94702E-13,-6.94702E-13
-2.37,-1.47758E-10,-1.9035E-10,-2.48359E-10,-1.30184E-11,-1.60865E-10,-6.85173E-11,-3.11489E-11,-6.74644E-13,-6.74644E-13
-2.36,-1.46844E-10,-1.89242E-10,-2.48895E-10,-1.32417E-11,-1.60838E-10,-6.87983E-11,-3.10347E-11,-5.7333E-13,-5.7333E-13
-2.35,-1.45851E-10,-1.89448E-10,-2.49804E-10,-1.35483E-11,-1.60783E-10,-6.93922E-11,-3.12306E-11,-6.27568E-13,-6.27568E-13
-2.34,-1.46937E-10,-1.89572E-10,-2.49053E-10,-1.32479E-11,-1.6086E-10,-6.95478E-11,-3.10767E-11,-5.74558E-13,-5.74558E-13
-2.33,-1.46669E-10,-1.89173E-10,-2.47646E-10,-1.26891E-11,-1.60578E-10,-6.92093E-11,-3.13757E-11,-6.15493E-13,-6.15493E-13
-2.32,-1.46096E-10,-1.89875E-10,-2.47067E-10,-1.28446E-11,-1.6037E-10,-6.84501E-11,-3.13716E-11,-4.90232E-13,-4.90232E-13
-2.31,-1.44501E-10,-1.88032E-10,-2.47882E-10,-1.31985E-11,-1.60637E-10,-6.87451E-11,-3.12603E-11,-5.22161E-13,-5.22161E-13
-2.3,-1.42954E-10,-1.88804E-10,-2.48981E-10,-1.36028E-11,-1.60873E-10,-6.92013E-11,-3.12637E-11,-6.66866E-13,-6.66866E-13
-2.29,-1.43034E-10,-1.89571E-10,-2.48038E-10,-1.31639E-11,-1.60669E-10,-6.94891E-11,-3.117E-11,-7.31339E-13,-7.31339E-13
-2.28,-1.43537E-10,-1.90617E-10,-2.46087E-10,-1.2687E-11,-1.59778E-10,-6.92508E-11,-3.10443E-11,-6.36165E-13,-6.36165E-13
-2.27,-1.42975E-10,-1.90436E-10,-2.46283E-10,-1.27044E-11,-1.59192E-10,-6.82078E-11,-3.10869E-11,-3.79707E-13,-3.79707E-13
-2.26,-1.41601E-10,-1.88736E-10,-2.47307E-10,-1.32051E-11,-1.59381E-10,-6.8681E-11,-3.10198E-11,1.40136E-12,1.40136E-12
-2.25,-1.4056E-10,-1.8946E-10,-2.47678E-10,-1.32262E-11,-1.60017E-10,-6.90821E-11,-3.11049E-11,-1.07356E-12,-1.07356E-12
-2.24,-1.40956E-10,-1.89481E-10,-2.47952E-10,-1.29769E-11,-1.60548E-10,-6.9243E-11,-3.10691E-11,-1.09464E-12,-1.09464E-12
-2.23,-1.41191E-10,-1.90055E-10,-2.47073E-10,-1.2599E-11,-1.59847E-10,-6.903E-11,-3.07768E-11,-8.91189E-13,-8.91189E-13
-2.22,-1.40484E-10,-1.88165E-10,-2.46681E-10,-1.28968E-11,-1.59725E-10,-6.86122E-11,-3.07809E-11,-3.97923E-13,-3.97923E-13
-2.21,-1.38326E-10,-1.87141E-10,-2.46368E-10,-1.32859E-11,-1.60483E-10,-6.90868E-11,-3.07203E-11,-1.54308E-12,-1.54308E-12
-2.2,-1.37917E-10,-1.86956E-10,-2.4713E-10,-1.32135E-11,-1.60873E-10,-6.90746E-11,-3.08163E-11,-1.04838E-12,-1.04838E-12
-2.19,-1.37396E-10,-1.86895E-10,-2.47356E-10,-1.29065E-11,-1.6042E-10,-6.90451E-11,-3.09878E-11,-9.1309E-13,-9.1309E-13
-2.18,-1.36973E-10,-1.88307E-10,-2.46892E-10,-1.25159E-11,-1.59518E-10,-6.87667E-11,-3.09377E-11,-6.38211E-13,-6.38211E-13
-2.17,-1.36189E-10,-1.88299E-10,-2.46442E-10,-1.25597E-11,-1.59507E-10,-6.84933E-11,-3.07961E-11,-6.54176E-13,-6.54176E-13
-2.16,-1.33724E-10,-1.87862E-10,-2.47074E-10,-1.31271E-11,-1.60163E-10,-6.86808E-11,-3.07103E-11,-5.15611E-13,-5.15611E-13
-2.15,-1.33036E-10,-1.87593E-10,-2.46666E-10,-1.31238E-11,-1.60363E-10,-6.89679E-11,-3.08235E-11,-6.82012E-13,-6.82012E-13
-2.14,-1.33075E-10,-1.87723E-10,-2.46234E-10,-1.28051E-11,-1.59785E-10,-6.89765E-11,-3.08139E-11,-1.14314E-12,-1.14314E-12
-2.13,-1.31998E-10,-1.87604E-10,-2.45099E-10,-1.25063E-11,-1.59057E-10,-6.87463E-11,-3.07097E-11,-9.20048E-13,-9.20048E-13
-2.12,-1.30339E-10,-1.87342E-10,-2.4491E-10,-1.27652E-11,-1.5928E-10,-6.83875E-11,-3.06802E-11,-8.01133E-13,-8.01133E-13
-2.11,-1.29315E-10,-1.86724E-10,-2.47186E-10,-1.31729E-11,-1.59321E-10,-6.85557E-11,-3.08814E-11,-3.77865E-13,-3.77865E-13
-2.1,-1.28693E-10,-1.85846E-10,-2.47484E-10,-1.29701E-11,-1.58612E-10,-6.83637E-11,-3.07408E-11,-5.6371E-13,-5.6371E-13
-2.09,-1.28294E-10,-1.85998E-10,-2.4632E-10,-1.27853E-11,-1.58711E-10,-6.82479E-11,-3.08194E-11,-1.12718E-12,-1.12718E-12
-2.08,-1.26548E-10,-1.85198E-10,-2.4573E-10,-1.25192E-11,-1.5876E-10,-6.80578E-11,-3.09238E-11,-8.82184E-13,-8.82184E-13
-2.07,-1.25608E-10,-1.84696E-10,-2.45161E-10,-1.252E-11,-1.5979E-10,-6.77088E-11,-3.0734E-11,-3.89122E-13,-3.89122E-13
-2.06,-1.24918E-10,-1.8493E-10,-2.45391E-10,-1.31422E-11,-1.59594E-10,-6.73686E-11,-3.0769E-11,-6.51925E-13,-6.51925E-13
-2.05,-1.24274E-10,-1.856E-10,-2.45405E-10,-1.28823E-11,-1.58786E-10,-6.74875E-11,-3.06943E-11,-8.36337E-13,-8.36337E-13
-2.04,-1.21437E-10,-1.85518E-10,-2.4458E-10,-1.28119E-11,-1.57707E-10,-6.79212E-11,-3.0634E-11,-9.16364E-13,-9.16364E-13
-2.03,-1.19679E-10,-1.85056E-10,-2.43722E-10,-1.22808E-11,-1.58133E-10,-6.77002E-11,-3.0565E-11,-5.83359E-13,-5.83359E-13
-2.02,-1.17766E-10,-1.84206E-10,-2.44816E-10,-1.28272E-11,-1.58596E-10,-6.74231E-11,-3.05474E-11,-4.80817E-13,-4.80817E-13
-2.01,-1.17098E-10,-1.84052E-10,-2.45554E-10,-1.30311E-11,-1.58781E-10,-6.73037E-11,-3.08282E-11,-3.10937E-13,-3.10937E-13
-2,-1.17232E-10,-1.83426E-10,-2.46016E-10,-1.2799E-11,-1.58311E-10,-6.72607E-11,-3.05595E-11,-3.50029E-13,-3.50029E-13
-1.99,-1.14362E-10,-1.83065E-10,-2.4411E-10,-1.22108E-11,-1.5753E-10,-6.74063E-11,-3.08403E-11,-9.17183E-13,-9.17183E-13
-1.98,-1.1198E-10,-1.82566E-10,-2.43008E-10,-1.25593E-11,-1.57846E-10,-6.72401E-11,-3.09078E-11,-5.86838E-13,-5.86838E-13
-1.97,-1.10331E-10,-1.82738E-10,-2.43251E-10,-1.28907E-11,-1.58102E-10,-6.73134E-11,-3.05484E-11,-6.04849E-13,-6.04849E-13
-1.96,-1.09719E-10,-1.82136E-10,-2.43944E-10,-1.29175E-11,-1.59271E-10,-6.72321E-11,-3.04238E-11,-3.00908E-13,-3.00908E-13
-1.95,-1.07545E-10,-1.83021E-10,-2.43423E-10,-1.26844E-11,-1.57728E-10,-6.72149E-11,-3.03417E-11,-2.35412E-13,-2.35412E-13
-1.94,-1.05359E-10,-1.82487E-10,-2.44554E-10,-1.26134E-11,-1.57778E-10,-6.73895E-11,-3.03644E-11,-5.24617E-13,-5.24617E-13
-1.93,-1.03214E-10,-1.81273E-10,-2.4404E-10,-1.26353E-11,-1.57031E-10,-6.69126E-11,-3.06014E-11,-6.09352E-13,-6.09352E-13
-1.92,-1.01138E-10,-1.79223E-10,-2.44387E-10,-1.28029E-11,-1.58003E-10,-6.68107E-11,-3.03941E-11,5.37635E-14,5.37635E-14
-1.91,-1.01573E-10,-1.789E-10,-2.44064E-10,-1.29975E-11,-1.57895E-10,-6.67791E-11,-3.03947E-11,-4.63624E-13,-4.63624E-13
-1.9,-9.9085E-11,-1.80066E-10,-2.44026E-10,-1.27838E-11,-1.57573E-10,-6.69171E-11,-3.00271E-11,-7.50783E-13,-7.50783E-13
-1.89,-9.57192E-11,-1.80365E-10,-2.43058E-10,-1.22241E-11,-1.56697E-10,-6.70894E-11,-3.02449E-11,-1.01625E-12,-1.01625E-12
-1.88,-9.43974E-11,-1.7876E-10,-2.42215E-10,-1.25603E-11,-1.57125E-10,-6.69472E-11,-3.032E-11,-6.43533E-13,-6.43533E-13
-1.87,-9.29515E-11,-1.78391E-10,-2.41721E-10,-1.28223E-11,-1.57883E-10,-6.65513E-11,-3.01081E-11,-3.51257E-13,-3.51257E-13
-1.86,-9.05029E-11,-1.78265E-10,-2.42038E-10,-1.28639E-11,-1.57253E-10,-6.65659E-11,-3.05822E-11,-4.13683E-13,-4.13683E-13
-1.85,-8.75168E-11,-1.77024E-10,-2.41209E-10,-1.27104E-11,-1.56198E-10,-6.6623E-11,-3.03992E-11,-6.63591E-13,-6.63591E-13
-1.84,-8.44048E-11,-1.76764E-10,-2.40178E-10,-1.20493E-11,-1.56282E-10,-6.67585E-11,-2.89968E-11,-9.5034E-13,-9.5034E-13
-1.83,-8.19069E-11,-1.75687E-10,-2.41832E-10,-1.25E-11,-1.56625E-10,-6.70057E-11,-2.96098E-11,-5.03126E-13,-5.03126E-13
-1.82,-8.03865E-11,-1.7465E-10,-2.42252E-10,-1.2932E-11,-1.56779E-10,-6.69902E-11,-2.96077E-11,-2.91288E-13,-2.91288E-13
-1.81,-7.75433E-11,-1.74089E-10,-2.42186E-10,-1.2692E-11,-1.5602E-10,-6.70818E-11,-2.94034E-11,-2.02868E-13,-2.02868E-13
-1.8,-7.45991E-11,-1.72471E-10,-2.4028E-10,-1.23665E-11,-1.55803E-10,-6.67603E-11,-2.98271E-11,-4.30057E-13,-4.30057E-13
-1.79,-7.14841E-11,-1.71026E-10,-2.39653E-10,-1.1882E-11,-1.5617E-10,-6.66645E-11,-3.02772E-11,-8.51073E-13,-8.51073E-13
-1.78,-6.8634E-11,-1.7204E-10,-2.40322E-10,-1.21096E-11,-1.56322E-10,-6.66821E-11,-3.04395E-11,-5.60026E-13,-5.60026E-13
-1.77,-6.72537E-11,-1.71972E-10,-2.40654E-10,-1.27579E-11,-1.56228E-10,-6.67515E-11,-3.01364E-11,-3.14211E-13,-3.14211E-13
-1.76,-6.38048E-11,-1.70885E-10,-2.38982E-10,-1.25047E-11,-1.55253E-10,-6.69666E-11,-3.09228E-11,-1.47827E-14,-1.47827E-14
-1.75,-5.99439E-11,-1.68907E-10,-2.38125E-10,-1.21487E-11,-1.55443E-10,-6.67822E-11,-3.02005E-11,-4.69355E-13,-4.69355E-13
-1.74,-5.66972E-11,-1.67679E-10,-2.38401E-10,-1.19095E-11,-1.56747E-10,-6.64465E-11,-3.01188E-11,-7.22333E-13,-7.22333E-13
-1.73,-5.34747E-11,-1.66896E-10,-2.39043E-10,-1.2074E-11,-1.56579E-10,-6.6493E-11,-3.01364E-11,-8.17711E-13,-8.17711E-13
-1.72,-5.05011E-11,-1.66019E-10,-2.3972E-10,-1.28567E-11,-1.55851E-10,-6.64985E-11,-3.0006E-11,-4.06724E-13,-4.06724E-13
-1.71,-4.61634E-11,-1.64008E-10,-2.38631E-10,-1.23997E-11,-1.54345E-10,-6.63092E-11,-3.00412E-11,-2.10032E-13,-2.10032E-13
-1.7,-4.22018E-11,-1.62863E-10,-2.37393E-10,-1.19979E-11,-1.54709E-10,-6.66252E-11,-2.96341E-11,-4.27601E-13,-4.27601E-13
-1.69,-3.83734E-11,-1.6231E-10,-2.37372E-10,-1.18327E-11,-1.56437E-10,-6.65178E-11,-2.97008E-11,-8.41249E-13,-8.41249E-13
-1.68,-3.47227E-11,-1.61473E-10,-2.36743E-10,-1.2071E-11,-1.56112E-10,-6.64357E-11,-2.98625E-11,-6.35346E-13,-6.35346E-13
-1.67,-3.10499E-11,-1.59476E-10,-2.35403E-10,-1.26807E-11,-1.55262E-10,-6.60601E-11,-2.99303E-11,-1.54974E-13,-1.54974E-13
-1.66,-2.63889E-11,-1.57555E-10,-2.3417E-10,-1.21815E-11,-1.54632E-10,-6.6143E-11,-3.00265E-11,-3.82163E-13,-3.82163E-13
-1.65,-2.12006E-11,-1.56172E-10,-2.34646E-10,-1.19117E-11,-1.55241E-10,-6.60971E-11,-2.99657E-11,-8.40021E-13,-8.40021E-13
-1.64,-1.69189E-11,-1.55123E-10,-2.35063E-10,-1.15167E-11,-1.55813E-10,-6.62562E-11,-2.98247E-11,-4.62396E-13,-4.62396E-13
-1.63,-1.2746E-11,-1.54229E-10,-2.33455E-10,-1.18886E-11,-1.55242E-10,-6.63714E-11,-2.99409E-11,-3.70906E-13,-3.70906E-13
-1.62,-8.29621E-12,-1.51667E-10,-2.32106E-10,-1.25724E-11,-1.54184E-10,-6.61782E-11,-3.00099E-11,-1.49244E-13,-1.49244E-13
-1.61,-2.45335E-12,-1.4874E-10,-2.30114E-10,-1.27136E-11,-1.5393E-10,-6.60272E-11,-3.01243E-11,-5.34851E-13,-5.34851E-13
-1.6,3.5651E-12,-1.46715E-10,-2.30469E-10,-1.22971E-11,-1.53831E-10,-6.59496E-11,-2.96808E-11,-8.85254E-13,-8.85254E-13
-1.59,8.42652E-12,-1.46393E-10,-2.31107E-10,-1.16735E-11,-1.54361E-10,-6.58182E-11,-2.96904E-11,-6.75871E-13,-6.75871E-13
-1.58,1.35468E-11,-1.43829E-10,-2.30181E-10,-1.20548E-11,-1.52577E-10,-6.59999E-11,-2.96761E-11,4.37374E-14,4.37374E-14
-1.57,1.94999E-11,-1.41319E-10,-2.28649E-10,-1.23726E-11,-1.52033E-10,-6.60626E-11,-2.99153E-11,-1.60091E-13,-1.60091E-13
-1.56,2.61364E-11,-1.38624E-10,-2.28221E-10,-1.25026E-11,-1.52161E-10,-6.60249E-11,-2.98488E-11,-5.20728E-13,-5.20728E-13
-1.55,3.31591E-11,-1.36018E-10,-2.27722E-10,-1.19541E-11,-1.53439E-10,-6.57756E-11,-2.93418E-11,-3.76432E-13,-3.76432E-13
-1.54,3.91824E-11,-1.34375E-10,-2.25293E-10,-1.14082E-11,-1.55114E-10,-6.56882E-11,-2.94526E-11,-5.02307E-13,-5.02307E-13
-1.53,4.56362E-11,-1.30126E-10,-2.23951E-10,-1.18558E-11,-1.54633E-10,-6.56176E-11,-2.97715E-11,-5.48768E-13,-5.48768E-13
-1.52,5.33146E-11,-1.27652E-10,-2.21535E-10,-1.2283E-11,-1.53837E-10,-6.58175E-11,-3.10249E-11,1.49319E-13,1.49319E-13
-1.51,6.15262E-11,-1.26352E-10,-2.21753E-10,-1.2343E-11,-1.53989E-10,-6.50509E-11,-3.0136E-11,-4.73244E-13,-4.73244E-13
-1.5,6.96161E-11,-1.25247E-10,-2.19812E-10,-1.19416E-11,-1.54407E-10,-6.51245E-11,-2.96685E-11,-6.2982E-13,-6.2982E-13
-1.49,7.7348E-11,-1.21841E-10,-2.18685E-10,-1.14426E-11,-1.5365E-10,-6.49882E-11,-2.91173E-11,-8.55166E-13,-8.55166E-13
-1.48,8.51527E-11,-1.17928E-10,-2.15427E-10,-1.17836E-11,-1.53686E-10,-6.47837E-11,-2.94329E-11,-4.19414E-13,-4.19414E-13
-1.47,9.42903E-11,-1.1448E-10,-2.12598E-10,-1.22058E-11,-1.53496E-10,-6.46155E-11,-2.9663E-11,-2.88013E-13,-2.88013E-13
-1.46,1.04258E-10,-1.11747E-10,-2.14552E-10,-1.21848E-11,-1.53234E-10,-6.45334E-11,-2.94649E-11,-2.20675E-13,-2.20675E-13
-1.45,1.14131E-10,-1.08966E-10,-2.11117E-10,-1.17625E-11,-1.54197E-10,-6.45797E-11,-2.92663E-11,-4.02222E-13,-4.02222E-13
-1.44,1.24014E-10,-1.04531E-10,-2.09481E-10,-1.1409E-11,-1.53896E-10,-6.46593E-11,-2.9137E-11,-7.01865E-13,-7.01865E-13
-1.43,1.34962E-10,-9.96813E-11,-2.07831E-10,-1.16892E-11,-1.53112E-10,-6.47056E-11,-2.92117E-11,-2.37663E-13,-2.37663E-13
-1.42,1.46777E-10,-9.58274E-11,-2.08847E-10,-1.19076E-11,-1.52704E-10,-6.45787E-11,-2.96491E-11,-4.19823E-13,-4.19823E-13
-1.41,1.59814E-10,-9.31981E-11,-2.05887E-10,-1.20732E-11,-1.52751E-10,-6.44616E-11,-2.94237E-11,-4.22894E-13,-4.22894E-13
-1.4,1.72527E-10,-8.99545E-11,-2.02458E-10,-1.16927E-11,-1.52358E-10,-6.4373E-11,-2.9201E-11,-6.18563E-13,-6.18563E-13
-1.39,1.84506E-10,-8.45239E-11,-2.00316E-10,-1.10766E-11,-1.51782E-10,-6.44913E-11,-2.91779E-11,-7.1476E-13,-7.1476E-13
-1.38,2.00746E-10,-7.94251E-11,-1.97829E-10,-1.13861E-11,-1.5158E-10,-6.45922E-11,-2.91243E-11,-1.21203E-13,-1.21203E-13
-1.37,2.1619E-10,-7.44176E-11,-1.96586E-10,-1.18931E-11,-1.52136E-10,-6.43281E-11,-2.92356E-11,-1.40238E-13,-1.40238E-13
-1.36,2.31824E-10,-7.04753E-11,-1.94111E-10,-1.17897E-11,-1.53224E-10,-6.40455E-11,-2.93627E-11,-5.27482E-13,-5.27482E-13
-1.35,2.47777E-10,-6.61987E-11,-1.90939E-10,-1.14721E-11,-1.52488E-10,-6.3937E-11,-2.9061E-11,-5.70669E-13,-5.70669E-13
-1.34,2.62452E-10,-5.97325E-11,-1.87826E-10,-1.09462E-11,-1.51684E-10,-6.41255E-11,-2.90086E-11,-4.47659E-13,-4.47659E-13
-1.33,2.77794E-10,-5.34805E-11,-1.84488E-10,-1.10834E-11,-1.51592E-10,-6.432E-11,-2.89673E-11,-2.25178E-13,-2.25178E-13
-1.32,2.9805E-10,-4.78512E-11,-1.81863E-10,-1.19148E-11,-1.52125E-10,-6.44448E-11,-2.91869E-11,-5.08652E-13,-5.08652E-13
-1.31,3.17424E-10,-4.23158E-11,-1.77979E-10,-1.13724E-11,-1.51878E-10,-6.40338E-11,-2.90217E-11,-1.52518E-13,-1.52518E-13
-1.3,3.36973E-10,-3.64701E-11,-1.7573E-10,-1.10975E-11,-1.51442E-10,-6.36273E-11,-2.88889E-11,-3.73567E-13,-3.73567E-13
-1.29,3.5691E-10,-2.91575E-11,-1.72287E-10,-1.05891E-11,-1.50456E-10,-6.38586E-11,-2.85649E-11,-4.58302E-13,-4.58302E-13
-1.28,3.80686E-10,-2.1157E-11,-1.68825E-10,-1.09334E-11,-1.50162E-10,-6.41171E-11,-2.84781E-11,-2.87604E-13,-2.87604E-13
-1.27,4.04846E-10,-1.44476E-11,-1.658E-10,-1.15971E-11,-1.51198E-10,-6.39937E-11,-2.8909E-11,-5.45289E-13,-5.45289E-13
-1.26,4.27265E-10,-7.75107E-12,-1.61158E-10,-1.10553E-11,-1.51185E-10,-6.35072E-11,-2.8718E-11,-6.23679E-13,-6.23679E-13
-1.25,4.49377E-10,-2.70417E-13,-1.56561E-10,-1.04941E-11,-1.50745E-10,-6.32524E-11,-2.8606E-11,-6.89994E-13,-6.89994E-13
-1.24,4.74507E-10,8.77757E-12,-1.50635E-10,-1.04657E-11,-1.5043E-10,-6.31169E-11,-2.85962E-11,-4.19619E-13,-4.19619E-13
-1.23,4.99569E-10,1.80105E-11,-1.45943E-10,-1.09688E-11,-1.50627E-10,-6.34503E-11,-2.88138E-11,-2.21289E-13,-2.21289E-13
-1.22,5.25989E-10,2.69534E-11,-1.41491E-10,-1.15601E-11,-1.50927E-10,-6.37798E-11,-2.91353E-11,-2.39914E-13,-2.39914E-13
-1.21,5.56817E-10,3.47548E-11,-1.35912E-10,-1.08228E-11,-1.50545E-10,-6.35848E-11,-2.86955E-11,-2.73686E-13,-2.73686E-13
-1.2,5.85268E-10,4.54397E-11,-1.30648E-10,-1.02618E-11,-1.50141E-10,-6.31983E-11,-2.86302E-11,-3.94648E-13,-3.94648E-13
-1.19,6.13923E-10,5.65549E-11,-1.24578E-10,-1.00686E-11,-1.49535E-10,-6.30113E-11,-2.85719E-11,-4.12046E-13,-4.12046E-13
-1.18,6.4754E-10,6.67391E-11,-1.19215E-10,-1.04771E-11,-1.49408E-10,-6.29124E-11,-2.85733E-11,-5.96253E-13,-5.96253E-13
-1.17,6.7864E-10,7.79728E-11,-1.126E-10,-1.11812E-11,-1.49403E-10,-6.33176E-11,-2.88428E-11,-8.45547E-13,-8.45547E-13
-1.16,7.10911E-10,8.993E-11,-1.05867E-10,-1.03512E-11,-1.48887E-10,-6.32698E-11,-2.84026E-11,-8.0891E-13,-8.0891E-13
-1.15,7.43775E-10,1.01805E-10,-9.84115E-11,-9.81211E-12,-1.48595E-10,-6.29924E-11,-2.82366E-11,-2.53014E-13,-2.53014E-13
-1.14,7.76296E-10,1.15959E-10,-9.06315E-11,-9.5444E-12,-1.4909E-10,-6.24089E-11,-2.81445E-11,-1.43103E-13,-1.43103E-13
-1.13,8.09072E-10,1.30175E-10,-8.2911E-11,-9.82562E-12,-1.49598E-10,-6.23968E-11,-2.81701E-11,7.52042E-15,7.52042E-15
-1.12,8.43817E-10,1.4495E-10,-7.48808E-11,-1.09012E-11,-1.49245E-10,-6.23827E-11,-2.88363E-11,9.79604E-14,9.79604E-14
-1.11,8.81707E-10,1.60807E-10,-6.58434E-11,-9.62811E-12,-1.47501E-10,-6.23499E-11,-2.84171E-11,5.33543E-14,5.33543E-14
-1.1,9.19641E-10,1.77308E-10,-5.62153E-11,-8.90621E-12,-1.47283E-10,-6.22945E-11,-2.83526E-11,-2.47692E-13,-2.47692E-13
-1.09,9.59843E-10,1.94179E-10,-4.64356E-11,-9.60785E-12,-1.47915E-10,-6.20628E-11,-2.80407E-11,-5.8254E-13,-5.8254E-13
-1.08,1.00995E-09,2.12282E-10,-3.68842E-11,-1.06075E-11,-1.4838E-10,-6.16888E-11,-2.81772E-11,-6.87947E-13,-6.87947E-13
-1.07,1.05052E-09,2.29608E-10,-2.65021E-11,-9.77199E-12,-1.47923E-10,-6.15603E-11,-2.8438E-11,-7.05959E-13,-7.05959E-13
-1.06,1.08763E-09,2.49402E-10,-1.47527E-11,-8.91767E-12,-1.46912E-10,-6.14107E-11,-2.84055E-11,-8.10957E-13,-8.10957E-13
-1.05,1.12368E-09,2.70183E-10,-2.65145E-12,-8.16015E-12,-1.45893E-10,-6.13931E-11,-2.81715E-11,-7.90489E-13,-7.90489E-13
-1.04,1.17093E-09,2.92982E-10,9.96288E-12,-9.23615E-12,-1.45975E-10,-6.13898E-11,-2.77317E-11,-7.7432E-13,-7.7432E-13
-1.03,1.21814E-09,3.17908E-10,2.27195E-11,-9.4875E-12,-1.45955E-10,-6.12169E-11,-2.77042E-11,-5.62891E-13,-5.62891E-13
-1.02,1.26378E-09,3.41967E-10,3.62964E-11,-8.51261E-12,-1.44867E-10,-6.12729E-11,-2.82249E-11,-5.15816E-13,-5.15816E-13
-1.01,1.31033E-09,3.66888E-10,5.0561E-11,-7.891E-12,-1.44804E-10,-6.11004E-11,-2.81455E-11,-4.34151E-13,-4.34151E-13
-1,1.35371E-09,3.91797E-10,6.60559E-11,-7.42188E-12,-1.44866E-10,-6.09841E-11,-2.80088E-11,6.46081E-14,6.46081E-14
-0.99,1.40932E-09,4.19637E-10,8.31852E-11,-8.12679E-12,-1.4515E-10,-6.09195E-11,-2.78706E-11,-8.23499E-15,-8.23499E-15
-0.98,1.46399E-09,4.49608E-10,1.00468E-10,-8.64504E-12,-1.44007E-10,-6.07801E-11,-2.77773E-11,3.76237E-13,3.76237E-13
-0.97,1.52095E-09,4.8365E-10,1.18335E-10,-7.95834E-12,-1.4304E-10,-6.06597E-11,-2.7915E-11,1.0062E-13,1.0062E-13
-0.96,1.56804E-09,5.14751E-10,1.37971E-10,-6.47074E-12,-1.42369E-10,-6.03058E-11,-2.77458E-11,1.09989E-14,1.09989E-14
-0.95,1.623E-09,5.48126E-10,1.5832E-10,-6.69732E-12,-1.42269E-10,-6.02117E-11,-2.77589E-11,-2.11465E-13,-2.11465E-13
-0.94,1.67803E-09,5.8121E-10,1.80712E-10,-7.54284E-12,-1.4256E-10,-6.01303E-11,-2.75053E-11,9.42774E-14,9.42774E-14
-0.93,1.73348E-09,6.13428E-10,2.02902E-10,-6.92349E-12,-1.41221E-10,-6.00171E-11,-2.76887E-11,-3.54488E-14,-3.54488E-14
-0.92,1.79232E-09,6.49607E-10,2.26619E-10,-6.21284E-12,-1.39928E-10,-6.00602E-11,-2.75722E-11,-5.38535E-13,-5.38535E-13
-0.91,1.83176E-09,6.86692E-10,2.5235E-10,-5.01036E-12,-1.38922E-10,-5.99159E-11,-2.71641E-11,-3.14416E-13,-3.14416E-13
-0.9,1.89787E-09,7.28701E-10,2.78448E-10,-5.05252E-12,-1.38711E-10,-5.97534E-11,-2.68819E-11,-1.7053E-13,-1.7053E-13
-0.89,1.95648E-09,7.75053E-10,3.10381E-10,-5.72837E-12,-1.38618E-10,-5.95293E-11,-2.68161E-11,-3.28334E-13,-3.28334E-13
-0.88,2.01156E-09,8.18884E-10,3.4049E-10,-4.98539E-12,-1.37956E-10,-5.95891E-11,-2.74009E-11,-7.07596E-13,-7.07596E-13
-0.87,2.08031E-09,8.61478E-10,3.72638E-10,-3.01904E-12,-1.36407E-10,-5.9621E-11,-2.71752E-11,-1.03303E-12,-1.03303E-12
-0.86,2.13984E-09,9.06645E-10,4.08042E-10,-3.86948E-12,-1.35495E-10,-5.90555E-11,-2.68336E-11,-7.0821E-13,-7.0821E-13
-0.85,2.20587E-09,9.52677E-10,4.4425E-10,-3.88156E-12,-1.35096E-10,-5.85884E-11,-2.67603E-11,-2.68774E-13,-2.68774E-13
-0.84,2.26621E-09,1.00066E-09,4.80986E-10,-3.77942E-12,-1.34011E-10,-5.83473E-11,-2.66823E-11,-2.0819E-13,-2.0819E-13
-0.83,2.32465E-09,1.04751E-09,5.21269E-10,-2.87945E-12,-1.32449E-10,-5.82534E-11,-2.69044E-11,-3.1196E-15,-3.1196E-15
-0.82,2.42291E-09,1.09786E-09,5.63752E-10,-1.21255E-12,-1.30257E-10,-5.81046E-11,-2.67376E-11,-2.51581E-13,-2.51581E-13
-0.81,2.49004E-09,1.15145E-09,6.0767E-10,-1.09752E-12,-1.29555E-10,-5.81895E-11,-2.63691E-11,-5.40991E-13,-5.40991E-13
-0.8,2.56683E-09,1.20317E-09,6.56867E-10,-1.39963E-12,-1.29016E-10,-5.79414E-11,-2.67938E-11,-1.90588E-13,-1.90588E-13
-0.79,2.64112E-09,1.26794E-09,7.06157E-10,-3.56789E-13,-1.27532E-10,-5.76436E-11,-2.60775E-11,-9.05019E-14,-9.05019E-14
-0.78,2.68811E-09,1.32392E-09,7.56673E-10,7.84051E-13,-1.25292E-10,-5.67555E-11,-2.52616E-11,8.4865E-14,8.4865E-14
-0.77,2.75121E-09,1.38259E-09,8.03312E-10,2.2436E-12,-1.22936E-10,-5.64756E-11,-2.59346E-11,-1.8895E-13,-1.8895E-13
-0.76,2.82843E-09,1.44254E-09,8.62584E-10,2.46745E-12,-1.21267E-10,-5.6329E-11,-2.67605E-11,-5.74558E-13,-5.74558E-13
-0.75,2.90728E-09,1.50412E-09,9.2215E-10,2.27204E-12,-1.19725E-10,-5.61382E-11,-2.68243E-11,-3.74181E-13,-3.74181E-13
-0.74,2.96699E-09,1.56297E-09,9.82144E-10,4.11259E-12,-1.18066E-10,-5.54561E-11,-2.65179E-11,6.41988E-14,6.41988E-14
-0.73,3.04491E-09,1.63103E-09,1.04491E-09,5.87354E-12,-1.15283E-10,-5.48558E-11,-2.57801E-11,-2.44622E-13,-2.44622E-13
-0.72,3.12191E-09,1.69984E-09,1.11241E-09,6.45527E-12,-1.12195E-10,-5.44612E-11,-2.54952E-11,-4.05906E-13,-4.05906E-13
-0.71,3.20187E-09,1.77363E-09,1.17572E-09,6.60465E-12,-1.09668E-10,-5.41457E-11,-2.51405E-11,-1.48834E-13,-1.48834E-13
-0.7,3.32543E-09,1.8431E-09,1.24888E-09,8.13602E-12,-1.07569E-10,-5.40221E-11,-2.50238E-11,3.41204E-14,3.41204E-14
-0.69,3.40176E-09,1.90859E-09,1.32347E-09,1.02798E-11,-1.03797E-10,-5.34288E-11,-2.48064E-11,-1.01759E-13,-1.01759E-13
-0.68,3.47437E-09,1.97776E-09,1.39896E-09,1.16974E-11,-1.0001E-10,-5.25888E-11,-2.48195E-11,-1.83424E-13,-1.83424E-13
-0.67,3.53786E-09,2.05227E-09,1.47815E-09,1.27913E-11,-9.69104E-11,-5.17932E-11,-2.44597E-11,-4.2228E-13,-4.2228E-13
-0.66,3.63402E-09,2.13709E-09,1.57096E-09,1.36186E-11,-9.42852E-11,-5.10295E-11,-2.40049E-11,-1.2018E-13,-1.2018E-13
-0.65,3.72182E-09,2.21711E-09,1.65478E-09,1.5321E-11,-9.07827E-11,-5.04307E-11,-2.39927E-11,-3.93365E-14,-3.93365E-14
-0.64,3.8098E-09,2.28494E-09,1.74268E-09,1.79539E-11,-8.56242E-11,-5.01437E-11,-2.38521E-11,3.53481E-14,3.53481E-14
-0.63,3.88381E-09,2.36984E-09,1.83177E-09,2.0236E-11,-8.01814E-11,-4.87607E-11,-2.34464E-11,-1.25501E-13,-1.25501E-13
-0.62,3.98063E-09,2.45536E-09,1.91613E-09,2.17649E-11,-7.57725E-11,-4.7355E-11,-2.28901E-11,-4.08362E-13,-4.08362E-13
-0.61,4.06297E-09,2.537E-09,2.01093E-09,2.29584E-11,-7.15289E-11,-4.64988E-11,-2.24936E-11,-1.30618E-13,-1.30618E-13
-0.6,4.16923E-09,2.62257E-09,2.11465E-09,2.59426E-11,-6.59678E-11,-4.57546E-11,-2.21999E-11,-1.40443E-13,-1.40443E-13
-0.59,4.28167E-09,2.70885E-09,2.21793E-09,2.92544E-11,-5.93266E-11,-4.50225E-11,-2.21189E-11,1.91674E-13,1.91674E-13
-0.58,4.35893E-09,2.78532E-09,2.32093E-09,3.18283E-11,-5.15224E-11,-4.35108E-11,-2.15838E-11,-1.00765E-14,-1.00765E-14
-0.57,4.46519E-09,2.87359E-09,2.42719E-09,3.43346E-11,-4.40781E-11,-4.12358E-11,-2.11972E-11,-3.1196E-13,-3.1196E-13
-0.56,4.56458E-09,2.96356E-09,2.53451E-09,3.61893E-11,-3.66149E-11,-3.99265E-11,-2.0532E-11,-2.03278E-13,-2.03278E-13
-0.55,4.66254E-09,3.05723E-09,2.63827E-09,3.99373E-11,-2.92076E-11,-3.86248E-11,-1.99198E-11,-1.43922E-13,-1.43922E-13
-0.54,4.73818E-09,3.15815E-09,2.74387E-09,4.41574E-11,-1.9974E-11,-3.70944E-11,-1.94976E-11,1.54844E-13,1.54844E-13
-0.53,4.83315E-09,3.27246E-09,2.85909E-09,4.78264E-11,-9.47192E-12,-3.49762E-11,-1.89879E-11,1.12897E-13,1.12897E-13
-0.52,4.93739E-09,3.36815E-09,2.97885E-09,5.15122E-11,2.55421E-12,-3.25731E-11,-1.85123E-11,-2.82077E-13,-2.82077E-13
-0.51,5.03975E-09,3.46727E-09,3.10666E-09,5.43523E-11,1.39367E-11,-3.08936E-11,-1.77562E-11,-5.03646E-17,-5.03646E-17
-0.5,5.16138E-09,3.56638E-09,3.24455E-09,5.89409E-11,2.61062E-11,-2.88982E-11,-1.66741E-11,1.5423E-13,1.5423E-13
-0.49,5.26822E-09,3.65201E-09,3.36979E-09,6.34548E-11,4.02315E-11,-2.61989E-11,-1.5942E-11,2.10499E-13,2.10499E-13
-0.48,5.3499E-09,3.76685E-09,3.49866E-09,6.78269E-11,5.66462E-11,-2.30983E-11,-1.51527E-11,-7.02391E-14,-7.02391E-14
-0.47,5.4784E-09,3.88779E-09,3.62873E-09,7.1924E-11,7.38119E-11,-1.98916E-11,-1.42499E-11,-2.89036E-13,-2.89036E-13
-0.46,5.64458E-09,3.99526E-09,3.74807E-09,7.57729E-11,9.14815E-11,-1.7018E-11,-1.30917E-11,-2.30113E-15,-2.30113E-15
-0.45,5.75625E-09,4.10884E-09,3.88621E-09,8.14312E-11,1.10938E-10,-1.40394E-11,-1.19232E-11,1.29062E-13,1.29062E-13
-0.44,5.86126E-09,4.20727E-09,4.03982E-09,8.72285E-11,1.33009E-10,-9.92721E-12,-1.06978E-11,1.45022E-13,1.45022E-13
-0.43,5.95897E-09,4.31059E-09,4.18823E-09,9.35173E-11,1.57639E-10,-5.72113E-12,-9.46053E-12,1.11874E-13,1.11874E-13
-0.42,6.0102E-09,4.45293E-09,4.33132E-09,9.84845E-11,1.8436E-10,-1.18327E-12,-8.24946E-12,-7.37185E-14,-7.37185E-14
-0.41,6.14358E-09,4.57023E-09,4.47749E-09,1.03866E-10,2.11429E-10,3.50707E-12,-6.98252E-12,-3.09473E-14,-3.09473E-14
-0.4,6.25179E-09,4.69388E-09,4.60773E-09,1.10622E-10,2.40732E-10,8.73195E-12,-5.15907E-12,1.0103E-13,1.0103E-13
-0.39,6.37602E-09,4.78727E-09,4.75642E-09,1.17011E-10,2.7417E-10,1.42359E-11,-3.19297E-12,1.97973E-14,1.97973E-14
-0.38,6.49536E-09,4.88733E-09,4.90857E-09,1.22857E-10,3.10892E-10,2.10812E-11,-1.26349E-12,1.79117E-15,1.79117E-15
-0.37,6.61888E-09,5.03726E-09,5.06157E-09,1.28843E-10,3.49014E-10,2.81807E-11,8.08386E-13,2.02066E-14,2.02066E-14
-0.36,6.73354E-09,5.16421E-09,5.24693E-09,1.36079E-10,3.89121E-10,3.5611E-11,2.8525E-12,2.72088E-13,2.72088E-13
-0.35,6.85677E-09,5.29076E-09,5.40956E-09,1.43686E-10,4.33755E-10,4.37999E-11,5.251E-12,4.40282E-13,4.40282E-13
-0.34,7.02219E-09,5.40655E-09,5.57156E-09,1.5153E-10,4.83453E-10,5.27954E-11,8.1723E-12,2.70042E-13,2.70042E-13
-0.33,7.17411E-09,5.51944E-09,5.72274E-09,1.57353E-10,5.37528E-10,6.3263E-11,1.09457E-11,-5.59118E-14,-5.59118E-14
-0.32,7.27649E-09,5.65177E-09,5.90208E-09,1.64148E-10,5.95123E-10,7.43078E-11,1.37354E-11,2.38122E-13,2.38122E-13
-0.31,7.37429E-09,5.81451E-09,6.07231E-09,1.72452E-10,6.55128E-10,8.64777E-11,1.69407E-11,4.00791E-13,4.00791E-13
-0.3,7.4846E-09,5.92922E-09,6.24855E-09,1.82819E-10,7.17715E-10,9.87803E-11,2.05853E-11,4.69951E-13,4.69951E-13
-0.29,7.63272E-09,6.09175E-09,6.42692E-09,1.92749E-10,7.85885E-10,1.12942E-10,2.44495E-11,3.9363E-13,3.9363E-13
-0.28,7.78097E-09,6.24153E-09,6.62231E-09,1.96826E-10,8.55498E-10,1.28811E-10,2.80581E-11,1.57504E-13,1.57504E-13
-0.27,7.97515E-09,6.37292E-09,6.82501E-09,2.05311E-10,9.28472E-10,1.4606E-10,3.26282E-11,2.17047E-13,2.17047E-13
-0.26,8.10758E-09,6.48218E-09,6.97956E-09,2.12393E-10,1.00188E-09,1.64168E-10,3.68484E-11,2.32802E-13,2.32802E-13
-0.25,8.22381E-09,6.62637E-09,7.15681E-09,2.25404E-10,1.08077E-09,1.83137E-10,4.23439E-11,4.91436E-13,4.91436E-13
-0.24,8.36643E-09,6.76705E-09,7.35956E-09,2.34537E-10,1.15932E-09,2.0461E-10,4.81554E-11,4.74862E-13,4.74862E-13
-0.23,8.49313E-09,6.92046E-09,7.55533E-09,2.43767E-10,1.23958E-09,2.28015E-10,5.39901E-11,5.08989E-14,5.08989E-14
-0.22,8.55823E-09,7.10398E-09,7.7792E-09,2.5117E-10,1.3333E-09,2.53431E-10,5.98134E-11,4.19002E-13,4.19002E-13
-0.21,8.69903E-09,7.25391E-09,7.97135E-09,2.61138E-10,1.4241E-09,2.79768E-10,6.6159E-11,6.30984E-13,6.30984E-13
-0.2,8.82711E-09,7.39242E-09,8.17339E-09,2.72673E-10,1.51859E-09,3.05535E-10,7.32548E-11,4.78136E-13,4.78136E-13
-0.19,9.00934E-09,7.5189E-09,8.34559E-09,2.79872E-10,1.61347E-09,3.34719E-10,8.02514E-11,3.75214E-13,
-0.18,9.19933E-09,7.66287E-09,8.55517E-09,2.88086E-10,1.70898E-09,3.64308E-10,8.80365E-11,2.05588E-13,
-0.17,9.34379E-09,7.81038E-09,8.77046E-09,2.98005E-10,1.80485E-09,3.93973E-10,9.62066E-11,6.31597E-13,
-0.16,9.45214E-09,7.96727E-09,9.0024E-09,3.10001E-10,1.9047E-09,4.26393E-10,1.05308E-10,6.07043E-13,
-0.15,9.63272E-09,8.15017E-09,9.27077E-09,3.22936E-10,2.01233E-09,4.60301E-10,1.1431E-10,8.03679E-13,
-0.14,9.78929E-09,8.38272E-09,9.49242E-09,3.32964E-10,2.11472E-09,4.96453E-10,1.23755E-10,6.23003E-13,
-0.13,9.9379E-09,8.55329E-09,9.71618E-09,3.43152E-10,2.23058E-09,5.32397E-10,1.32906E-10,5.3686E-13,
-0.12,1.00864E-08,8.71198E-09,9.93865E-09,3.53841E-10,2.33579E-09,5.67676E-10,1.43134E-10,9.83945E-13,
-0.11,1.02254E-08,8.8428E-09,1.01609E-08,3.64854E-10,2.44671E-09,6.03208E-10,1.53259E-10,7.16512E-13,
-0.1,1.03664E-08,9.00736E-09,1.03494E-08,3.74572E-10,2.56924E-09,6.43074E-10,1.63753E-10,1.01382E-12,
-0.09,1.05063E-08,9.19737E-09,1.05914E-08,3.84274E-10,2.70556E-09,6.84925E-10,1.75299E-10,8.21276E-13,
-0.08,1.06756E-08,9.37765E-09,1.08334E-08,3.96653E-10,2.8315E-09,7.2509E-10,1.86634E-10,1.00973E-12,
-0.07,1.08283E-08,9.52933E-09,1.10781E-08,4.08579E-10,2.95872E-09,7.67908E-10,2.00186E-10,7.71554E-13,
-0.06,1.09865E-08,9.67752E-09,1.13673E-08,4.22113E-10,3.08654E-09,8.10688E-10,2.12318E-10,7.93653E-13,
-0.05,1.11514E-08,9.85326E-09,1.16102E-08,4.34759E-10,3.21493E-09,8.50096E-10,2.25073E-10,1.07725E-12,
-0.04,1.13028E-08,1.00284E-08,1.18568E-08,4.47191E-10,3.35093E-09,8.95448E-10,2.38315E-10,1.21557E-12,
-0.03,1.14359E-08,1.02953E-08,1.20798E-08,4.60691E-10,3.49845E-09,9.42626E-10,2.50522E-10,1.40586E-12,
-0.02,1.1595E-08,1.04828E-08,1.23357E-08,4.71422E-10,3.63742E-09,9.91466E-10,2.63954E-10,1.17772E-12,
-0.01,1.18955E-08,1.06836E-08,1.26029E-08,4.85022E-10,3.78258E-09,1.04409E-09,2.78848E-10,1.23951E-12,
-9.01501E-14,1.20628E-08,1.08777E-08,1.28953E-08,5.0048E-10,3.92946E-09,1.09856E-09,2.95011E-10,1.14641E-12,
0.01,1.22233E-08,1.10719E-08,1.32815E-08,5.12959E-10,4.06512E-09,1.15183E-09,3.10936E-10,1.8773E-12,
0.02,1.23862E-08,1.11778E-08,1.35594E-08,5.24003E-10,4.22009E-09,1.2069E-09,3.25736E-10,1.59002E-12,
0.03,1.25157E-08,1.13934E-08,1.38531E-08,5.36438E-10,4.37721E-09,1.26177E-09,3.41708E-10,1.48096E-12,
0.04,1.26172E-08,1.15866E-08,1.41332E-08,5.4892E-10,4.53025E-09,1.31825E-09,3.58221E-10,1.41507E-12,
0.05,1.27954E-08,1.1809E-08,1.43652E-08,5.62042E-10,4.69188E-09,1.37795E-09,3.72973E-10,1.74471E-12,
0.06,1.29684E-08,1.20287E-08,1.46479E-08,5.7634E-10,4.87919E-09,1.4375E-09,3.90203E-10,1.81264E-12,
0.07,1.31181E-08,1.22333E-08,1.49827E-08,5.93139E-10,5.04935E-09,1.49323E-09,4.0944E-10,2.06493E-12,
0.08,1.3326E-08,1.24143E-08,1.52561E-08,6.11397E-10,5.21926E-09,1.55431E-09,4.27051E-10,1.92333E-12,
0.09,1.34088E-08,1.26264E-08,1.54868E-08,6.2583E-10,5.38357E-09,1.62735E-09,4.45685E-10,1.80916E-12,
0.1,1.35298E-08,1.29437E-08,1.59247E-08,6.40933E-10,5.54469E-09,1.69111E-09,4.61882E-10,2.19056E-12,
0.11,1.37405E-08,1.31548E-08,1.61296E-08,6.56049E-10,5.71646E-09,1.75713E-09,4.8135E-10,2.37206E-12,
0.12,1.38748E-08,1.3378E-08,1.64245E-08,6.68368E-10,5.90097E-09,1.82611E-09,5.01508E-10,2.63785E-12,
0.13,1.40439E-08,1.3599E-08,1.66449E-08,6.84252E-10,6.09715E-09,1.89505E-09,5.24024E-10,2.7152E-12,
0.14,1.43314E-08,1.38323E-08,1.70203E-08,7.02862E-10,6.28012E-09,1.9531E-09,5.46458E-10,2.56092E-12,
0.15,1.43726E-08,1.39969E-08,1.73365E-08,7.20454E-10,6.46806E-09,2.02724E-09,5.68067E-10,2.70231E-12,
0.16,1.45474E-08,1.41815E-08,1.7623E-08,7.36724E-10,6.65257E-09,2.09982E-09,5.91145E-10,2.61146E-12,
0.17,1.47561E-08,1.4381E-08,1.80838E-08,7.53461E-10,6.81966E-09,2.17835E-09,6.13578E-10,2.67571E-12,
0.18,1.49657E-08,1.46121E-08,1.84326E-08,7.70907E-10,7.01278E-09,2.26217E-09,6.34453E-10,3.00882E-12,
0.19,1.51576E-08,1.48543E-08,1.86831E-08,7.88574E-10,7.24527E-09,2.34125E-09,6.57543E-10,2.99634E-12,
0.2,1.52678E-08,1.51798E-08,1.91216E-08,7.9807E-10,7.4381E-09,2.4089E-09,6.81933E-10,3.1408E-12,
0.21,1.5551E-08,1.54185E-08,1.94069E-08,8.16592E-10,7.63047E-09,2.49803E-09,7.06834E-10,3.44813E-12,
0.22,1.56698E-08,1.56095E-08,1.98472E-08,8.36389E-10,7.79367E-09,2.58088E-09,7.32855E-10,3.54778E-12,
0.23,1.58069E-08,1.5977E-08,2.02071E-08,8.55522E-10,8.00961E-09,2.66543E-09,7.63156E-10,3.65131E-12,
0.24,1.61304E-08,1.622E-08,2.05496E-08,8.72931E-10,8.25887E-09,2.75489E-09,7.90791E-10,3.77674E-12,
0.25,1.60662E-08,1.63526E-08,2.08133E-08,8.89757E-10,8.48111E-09,2.83683E-09,8.18761E-10,3.87721E-12,
0.26,1.62498E-08,1.66358E-08,2.11709E-08,9.15991E-10,8.70425E-09,2.91802E-09,8.44608E-10,4.10433E-12,
0.27,1.64621E-08,1.69192E-08,2.15459E-08,9.37343E-10,8.92606E-09,3.00996E-09,8.81563E-10,4.25124E-12,
0.28,1.65722E-08,1.70149E-08,2.20561E-08,9.56041E-10,9.13311E-09,3.10517E-09,9.1132E-10,4.37401E-12,
0.29,1.68812E-08,1.74694E-08,2.2421E-08,9.76947E-10,9.3486E-09,3.20435E-09,9.42021E-10,4.56205E-12,
0.3,1.69539E-08,1.76848E-08,2.27729E-08,9.9663E-10,9.5888E-09,3.31668E-09,9.74594E-10,4.80821E-12,
0.31,1.70816E-08,1.7835E-08,2.30539E-08,1.01754E-09,9.89986E-09,3.42032E-09,1.00655E-09,5.00239E-12,
0.32,1.74149E-08,1.80412E-08,2.34278E-08,1.03849E-09,1.01578E-08,3.47697E-09,1.03337E-09,5.04986E-12,
0.33,1.7588E-08,1.83968E-08,2.38612E-08,1.04935E-09,1.04053E-08,3.58615E-09,1.06677E-09,5.22644E-12,
0.34,1.76533E-08,1.85791E-08,2.42438E-08,1.06738E-09,1.06612E-08,3.69189E-09,1.1005E-09,5.52211E-12,
0.35,1.78655E-08,1.88995E-08,2.46375E-08,1.08745E-09,1.09167E-08,3.79746E-09,1.13667E-09,6.08726E-12,
0.36,1.8175E-08,1.9204E-08,2.50073E-08,1.11335E-09,1.1166E-08,3.90421E-09,1.17661E-09,9.15853E-12,
0.37,1.81633E-08,1.93189E-08,2.52782E-08,1.1392E-09,1.14212E-08,4.01338E-09,1.21864E-09,6.3285E-12,
0.38,1.83683E-08,1.97153E-08,2.56297E-08,1.16324E-09,1.16863E-08,4.10253E-09,1.25489E-09,7.18686E-12,
0.39,1.86404E-08,1.97798E-08,2.5999E-08,1.18485E-09,1.19687E-08,4.2238E-09,1.293E-09,6.95135E-12,
0.4,1.8656E-08,2.00351E-08,2.64486E-08,1.20647E-09,1.22673E-08,4.35522E-09,1.33502E-09,6.95483E-12,
0.41,1.88727E-08,2.0292E-08,2.69916E-08,1.22162E-09,1.25813E-08,4.49288E-09,1.37619E-09,7.75467E-12,
0.42,1.89975E-08,2.05294E-08,2.73887E-08,1.24447E-09,1.28709E-08,4.61633E-09,1.41058E-09,7.59057E-12,
0.43,1.907E-08,2.09411E-08,2.77859E-08,1.26823E-09,1.31418E-08,4.73286E-09,1.45232E-09,7.4813E-12,
0.44,1.93617E-08,2.1188E-08,2.8195E-08,1.29214E-09,1.33998E-08,4.85843E-09,1.49899E-09,7.82485E-12,
0.45,1.9634E-08,2.14547E-08,2.84868E-08,1.31932E-09,1.37026E-08,4.98693E-09,1.55196E-09,8.04543E-12,
0.46,1.96236E-08,2.16818E-08,2.8824E-08,1.341E-09,1.4009E-08,5.09416E-09,1.59559E-09,8.4432E-12,
0.47,1.98369E-08,2.18596E-08,2.92099E-08,1.36237E-09,1.43091E-08,5.21021E-09,1.64042E-09,8.59604E-12,
0.48,2.00076E-08,2.21E-08,2.96318E-08,1.37323E-09,1.46646E-08,5.35478E-09,1.68602E-09,8.85222E-12,
0.49,2.02048E-08,2.25014E-08,3.01885E-08,1.39289E-09,1.50556E-08,5.49748E-09,1.73147E-09,9.27414E-12,
0.5,2.04054E-08,2.27866E-08,3.05951E-08,1.41401E-09,1.53556E-08,5.66397E-09,1.76575E-09,9.51886E-12,
0.51,2.05639E-08,2.3057E-08,3.10179E-08,1.436E-09,1.56763E-08,5.81344E-09,1.8124E-09,9.89965E-12,
0.52,2.06292E-08,2.33213E-08,3.14254E-08,1.46087E-09,1.59393E-08,5.95685E-09,1.86013E-09,1.01695E-11,
0.53,2.08815E-08,2.35522E-08,3.17013E-08,1.48424E-09,1.63846E-08,6.0718E-09,1.9141E-09,1.06088E-11,
0.54,2.10962E-08,2.38188E-08,3.21009E-08,1.51874E-09,1.66802E-08,6.23569E-09,1.96204E-09,1.09336E-11,
0.55,2.1443E-08,2.40732E-08,3.26703E-08,1.54241E-09,1.70354E-08,6.38361E-09,2.00254E-09,1.11636E-11,
0.56,2.15137E-08,2.4344E-08,3.30553E-08,1.56532E-09,1.73007E-08,6.54516E-09,2.0458E-09,1.11067E-11,
0.57,2.16556E-08,2.45786E-08,3.32853E-08,1.58736E-09,1.77496E-08,6.69561E-09,2.09706E-09,1.20469E-11,
0.58,2.18045E-08,2.46813E-08,3.35834E-08,1.61037E-09,1.79872E-08,6.89085E-09,2.15298E-09,1.22945E-11,
0.59,2.19889E-08,2.49126E-08,3.39794E-08,1.62536E-09,1.83759E-08,7.07889E-09,2.21698E-09,1.28289E-11,
0.6,2.21738E-08,2.51651E-08,3.43713E-08,1.64577E-09,1.85748E-08,7.25437E-09,2.25847E-09,1.31135E-11,
0.61,2.2191E-08,2.54351E-08,3.4859E-08,1.67625E-09,1.90259E-08,7.41124E-09,2.30511E-09,1.34831E-11,
0.62,2.23452E-08,2.57234E-08,3.53878E-08,1.69747E-09,1.92928E-08,7.57709E-09,2.35693E-09,1.42324E-11,
0.63,2.25209E-08,2.61701E-08,3.57709E-08,1.71929E-09,1.96863E-08,7.73793E-09,2.40871E-09,1.39226E-11,
0.64,2.27177E-08,2.64995E-08,3.61444E-08,1.74931E-09,2.00101E-08,7.8425E-09,2.45537E-09,1.43922E-11,
0.65,2.29807E-08,2.67605E-08,3.65518E-08,1.76911E-09,2.03279E-08,8.02298E-09,2.50115E-09,1.47533E-11,
0.66,2.31149E-08,2.705E-08,3.68908E-08,1.78503E-09,2.05544E-08,8.23233E-09,2.551E-09,1.48055E-11,
0.67,2.32566E-08,2.71962E-08,3.72801E-08,1.81636E-09,2.08701E-08,8.39184E-09,2.61949E-09,1.53948E-11,
0.68,2.3411E-08,2.74609E-08,3.76615E-08,1.83492E-09,2.12977E-08,8.54757E-09,2.67015E-09,1.58689E-11,
0.69,2.37487E-08,2.77232E-08,3.80976E-08,1.86074E-09,2.1724E-08,8.70274E-09,2.71758E-09,1.67285E-11,
0.7,2.40869E-08,2.80319E-08,3.84846E-08,1.88312E-09,2.20843E-08,8.8216E-09,2.76821E-09,1.61167E-11,
0.71,2.42458E-08,2.82512E-08,3.87405E-08,1.90435E-09,2.23881E-08,8.97164E-09,2.81581E-09,1.69045E-11,
0.72,2.44455E-08,2.83752E-08,3.90715E-08,1.90967E-09,2.27217E-08,9.16019E-09,2.86477E-09,1.72548E-11,
0.73,2.43631E-08,2.85968E-08,3.94793E-08,1.93054E-09,2.29999E-08,9.33895E-09,2.90983E-09,1.76677E-11,
0.74,2.44554E-08,2.88884E-08,4.00866E-08,1.95378E-09,2.32362E-08,9.49301E-09,2.97322E-09,1.8215E-11,
0.75,2.47409E-08,2.93159E-08,4.04761E-08,1.98199E-09,2.35852E-08,9.63312E-09,3.03376E-09,1.86909E-11,
0.76,2.49053E-08,2.9605E-08,4.08651E-08,2.00399E-09,2.39912E-08,9.72651E-09,3.08217E-09,1.90605E-11,
0.77,2.49897E-08,2.98722E-08,4.11258E-08,2.02303E-09,2.42767E-08,9.87889E-09,3.12598E-09,1.9295E-11,
0.78,2.54037E-08,3.00432E-08,4.14877E-08,2.0336E-09,2.45799E-08,1.00275E-08,3.16387E-09,1.93443E-11,
0.79,2.54391E-08,3.02717E-08,4.19846E-08,2.05748E-09,2.48854E-08,1.0182E-08,3.19211E-09,1.98063E-11,
0.8,2.55833E-08,3.05694E-08,4.23438E-08,2.09353E-09,2.51691E-08,1.03788E-08,3.24372E-09,2.02031E-11,
0.81,2.57581E-08,3.09601E-08,4.27161E-08,2.10654E-09,2.53954E-08,1.05205E-08,3.31353E-09,2.04965E-11,
0.82,2.57785E-08,3.12028E-08,4.30251E-08,2.12183E-09,2.5705E-08,1.06697E-08,3.3545E-09,2.08359E-11,
0.83,2.59824E-08,3.14381E-08,4.32911E-08,2.1416E-09,2.60361E-08,1.08078E-08,3.40291E-09,2.13053E-11,
0.84,2.61989E-08,3.15601E-08,4.36537E-08,2.16454E-09,2.64699E-08,1.09476E-08,3.44343E-09,2.16472E-11,
0.85,2.64243E-08,3.18101E-08,4.40491E-08,2.18664E-09,2.679E-08,1.10228E-08,3.46963E-09,2.19597E-11,
0.86,2.65588E-08,3.20997E-08,4.44798E-08,2.22381E-09,2.70767E-08,1.11625E-08,3.5149E-09,2.22406E-11,
0.87,2.67623E-08,3.25691E-08,4.51725E-08,2.24913E-09,2.74122E-08,1.13063E-08,3.5608E-09,2.26183E-11,
0.88,2.71595E-08,3.28369E-08,4.55505E-08,2.26917E-09,2.77177E-08,1.14245E-08,3.6043E-09,2.30787E-11,
0.89,2.75239E-08,3.30871E-08,4.59087E-08,2.28818E-09,2.79375E-08,1.15559E-08,3.6647E-09,2.32187E-11,
0.9,2.77006E-08,3.33571E-08,4.62988E-08,2.30154E-09,2.81731E-08,1.17171E-08,3.70793E-09,2.36175E-11,
0.91,2.78145E-08,3.35556E-08,4.64973E-08,2.32244E-09,2.8416E-08,1.18866E-08,3.74914E-09,2.40795E-11,
0.92,2.7995E-08,3.3716E-08,4.68597E-08,2.34221E-09,2.86819E-08,1.20141E-08,3.77401E-09,2.44719E-11,
0.93,2.79499E-08,3.3959E-08,4.74033E-08,2.36794E-09,2.89674E-08,1.21458E-08,3.81501E-09,2.48403E-11,
0.94,2.80561E-08,3.42359E-08,4.79536E-08,2.39486E-09,2.92756E-08,1.22921E-08,3.8605E-09,2.50621E-11,
0.95,2.82066E-08,3.46305E-08,4.8386E-08,2.41638E-09,2.97075E-08,1.23931E-08,3.91407E-09,2.55494E-11,
0.96,2.85038E-08,3.48693E-08,4.878E-08,2.42015E-09,2.9999E-08,1.25527E-08,3.95758E-09,2.60737E-11,
0.97,2.88036E-08,3.49321E-08,4.91503E-08,2.43045E-09,3.02124E-08,1.26829E-08,3.99774E-09,2.61242E-11,
0.98,2.89198E-08,3.51537E-08,4.93287E-08,2.45003E-09,3.04893E-08,1.2786E-08,4.02758E-09,2.61539E-11,
0.99,2.91198E-08,3.54037E-08,4.97763E-08,2.47846E-09,3.07815E-08,1.29032E-08,4.05707E-09,2.63843E-11,
1,2.93301E-08,3.56754E-08,5.04481E-08,2.51023E-09,3.10567E-08,1.29352E-08,4.09371E-09,2.68565E-11,
