V,I (365 nm),I (405 nm),I (436 nm),I (486 nm),I (546 nm),I (577 nm),I (589 nm),I (656 nm)
-4,-1.72473E-10,-2.0507E-10,-2.67001E-10,-2.3011E-11,-1.70888E-10,-8.47638E-11,-4.40982E-11,-6.40559E-12
-3.99,-1.68088E-10,-2.05075E-10,-2.59635E-10,-2.00853E-11,-1.68107E-10,-8.17794E-11,-4.18822E-11,-4.53649E-12
-3.98,-1.66945E-10,-2.07513E-10,-2.55003E-10,-1.8988E-11,-1.66299E-10,-7.97699E-11,-3.80091E-11,-3.28735E-12
-3.97,-1.66267E-10,-2.03432E-10,-2.56642E-10,-1.8487E-11,-1.64638E-10,-7.82634E-11,-3.72508E-11,-2.27706E-12
-3.96,-1.64382E-10,-1.98493E-10,-2.51684E-10,-1.77456E-11,-1.63591E-10,-7.83735E-11,-3.61502E-11,-2.65285E-12
-3.95,-1.62842E-10,-1.9957E-10,-2.49972E-10,-1.75254E-11,-1.63041E-10,-7.88179E-11,-3.56434E-11,-2.35914E-12
-3.94,-1.62875E-10,-1.98078E-10,-2.49134E-10,-1.71343E-11,-1.64328E-10,-7.84206E-11,-3.594E-11,-1.70294E-12
-3.93,-1.60886E-10,-2.00027E-10,-2.48735E-10,-1.66453E-11,-1.59646E-10,-7.58554E-11,-2.88738E-11,-1.70786E-12
-3.92,-1.60716E-10,-1.94868E-10,-2.47502E-10,-1.62779E-11,-1.61843E-10,-7.57758E-11,-4.13232E-11,-1.75984E-12
-3.91,-1.60226E-10,-1.96743E-10,-2.45925E-10,-1.6159E-11,-1.63688E-10,-7.61714E-11,-3.57996E-11,-1.76332E-12
-3.9,-1.59317E-10,-1.99174E-10,-2.45218E-10,-1.59316E-11,-1.60535E-10,-7.68303E-11,-3.56858E-11,-5.71902E-13
-3.89,-1.58427E-10,-1.96892E-10,-2.45059E-10,-1.56653E-11,-1.60115E-10,-7.58464E-11,-3.43356E-11,-8.91607E-13
-3.88,-1.58428E-10,-1.97154E-10,-2.44906E-10,-1.54692E-11,-1.58613E-10,-7.60152E-11,-3.61423E-11,-1.46347E-12
-3.87,-1.58218E-10,-1.96445E-10,-2.44352E-10,-1.59531E-11,-1.67902E-10,-7.54588E-11,-3.1125E-11,-1.44792E-12
-3.86,-1.58296E-10,-1.93492E-10,-2.44501E-10,-1.50705E-11,-1.65927E-10,-7.57275E-11,-3.12359E-11,-1.42479E-12
-3.85,-1.61021E-10,-1.94887E-10,-2.44451E-10,-1.50324E-11,-1.60288E-10,-7.61368E-11,-3.26652E-11,-7.95204E-13
-3.84,-1.57355E-10,-1.96782E-10,-2.43858E-10,-1.49872E-11,-1.54949E-10,-7.56176E-11,-3.38814E-11,-1.95019E-12
-3.83,-1.57423E-10,-1.92688E-10,-2.42438E-10,-1.48341E-11,-1.44509E-10,-7.58181E-11,-3.26775E-11,-1.29502E-12
-3.82,-1.57102E-10,-1.95693E-10,-2.42066E-10,-1.44069E-11,-1.58555E-10,-7.52168E-11,-3.45319E-11,-1.14049E-12
-3.81,-1.57341E-10,-1.97334E-10,-2.41945E-10,-1.44252E-11,-1.60825E-10,-7.52643E-11,-3.49076E-11,-1.57031E-12
-3.8,-1.57343E-10,-1.94394E-10,-2.42099E-10,-1.43416E-11,-1.59746E-10,-7.53445E-11,-3.39903E-11,-1.50809E-12
-3.79,-1.56297E-10,-1.95102E-10,-2.43176E-10,-1.42262E-11,-1.58882E-10,-7.52811E-11,-3.2235E-11,-1.7097E-12
-3.78,-1.57493E-10,-1.93643E-10,-2.42899E-10,-1.41542E-11,-1.54102E-10,-7.54078E-11,-3.01655E-11,-1.39941E-12
-3.77,-1.5437E-10,-1.91451E-10,-2.42637E-10,-1.40956E-11,-1.59716E-10,-7.55281E-11,-3.18025E-11,-2.2525E-12
-3.76,-1.58888E-10,-1.93081E-10,-2.41265E-10,-1.39896E-11,-1.52687E-10,-7.53761E-11,-3.02113E-11,-1.33637E-12
-3.75,-1.57351E-10,-1.92348E-10,-2.41663E-10,-1.39876E-11,-1.58483E-10,-7.52338E-11,-3.09263E-11,-1.46859E-12
-3.74,-1.5685E-10,-1.94995E-10,-2.41544E-10,-1.48261E-11,-1.58194E-10,-7.49569E-11,-3.25801E-11,-1.62148E-12
-3.73,-1.5856E-10,-1.94147E-10,-2.41301E-10,-1.40764E-11,-1.54431E-10,-7.43215E-11,-3.22847E-11,-9.64267E-13
-3.72,-1.57355E-10,-1.93307E-10,-2.41376E-10,-1.37638E-11,-1.5637E-10,-7.43827E-11,-3.10982E-11,-1.35499E-12
-3.71,-1.56206E-10,-1.96193E-10,-2.41587E-10,-1.37512E-11,-1.62628E-10,-7.42804E-11,-3.13612E-11,-2.71753E-12
-3.7,-1.55007E-10,-1.92071E-10,-2.41179E-10,-1.32417E-11,-1.55656E-10,-7.42727E-11,-3.30961E-11,-1.43461E-12
-3.69,-1.55361E-10,-1.93304E-10,-2.39911E-10,-1.36429E-11,-1.56804E-10,-7.41132E-11,-3.29904E-11,-1.30976E-12
-3.68,-1.55509E-10,-1.93901E-10,-2.38823E-10,-1.3428E-11,-1.55593E-10,-7.38332E-11,-3.3113E-11,-9.55056E-13
-3.67,-1.56954E-10,-1.92234E-10,-2.39527E-10,-1.34396E-11,-1.54956E-10,-7.38696E-11,-3.36163E-11,-1.28929E-12
-3.66,-1.5549E-10,-1.93757E-10,-2.40501E-10,-1.34329E-11,-1.54012E-10,-7.36512E-11,-3.33347E-11,-1.24283E-12
-3.65,-1.56233E-10,-1.9531E-10,-2.41291E-10,-1.32656E-11,-1.55234E-10,-7.35907E-11,-3.16979E-11,-1.40637E-12
-3.64,-1.56021E-10,-1.9265E-10,-2.40788E-10,-1.7182E-11,-1.56374E-10,-7.37292E-11,-3.10501E-11,-1.40432E-12
-3.63,-1.56314E-10,-1.93709E-10,-2.40403E-10,-1.2906E-11,-1.60112E-10,-7.38051E-11,-3.18682E-11,-1.53736E-12
-3.62,-1.5639E-10,-1.92628E-10,-2.40771E-10,-1.30405E-11,-1.56996E-10,-7.36815E-11,-3.18279E-11,-6.69532E-13
-3.61,-1.57565E-10,-1.91337E-10,-2.41148E-10,-1.3142E-11,-1.56366E-10,-7.35804E-11,-3.25684E-11,-9.60583E-13
-3.6,-1.57135E-10,-1.90264E-10,-2.40542E-10,-1.32544E-11,-1.54636E-10,-7.35106E-11,-3.16967E-11,-1.44464E-12
-3.59,-1.53403E-10,-1.902E-10,-2.40589E-10,-1.32927E-11,-1.47145E-10,-7.34681E-11,-3.11199E-11,-1.25859E-12
-3.58,-1.57439E-10,-1.93599E-10,-2.39434E-10,-1.31332E-11,-1.60078E-10,-7.35002E-11,-3.05429E-11,-4.28149E-14
-3.57,-1.57382E-10,-1.94329E-10,-2.39156E-10,-1.24735E-11,-1.55277E-10,-7.30869E-11,-3.01018E-11,-1.34906E-12
-3.56,-1.5564E-10,-1.9288E-10,-2.38932E-10,-1.57648E-11,-1.80561E-10,-7.30777E-11,-3.27962E-11,-1.17058E-12
-3.55,-1.55859E-10,-1.90494E-10,-2.38468E-10,-1.10566E-11,-1.70561E-10,-7.29152E-11,-3.1562E-11,-1.25429E-12
-3.54,-1.5386E-10,-1.91144E-10,-2.3837E-10,-1.3386E-11,-1.54534E-10,-7.28775E-11,-3.27041E-11,-9.23536E-13
-3.53,-1.5659E-10,-1.94628E-10,-2.38212E-10,-1.27836E-11,-1.5507E-10,-7.31379E-11,-3.14642E-11,-1.34271E-12
-3.52,-1.55153E-10,-1.95128E-10,-2.37948E-10,-1.23528E-11,-1.47949E-10,-7.31813E-11,-3.19742E-11,-1.67163E-12
-3.51,-1.55395E-10,-1.9161E-10,-2.3815E-10,-1.29449E-11,-1.5609E-10,-7.29664E-11,-3.12222E-11,-1.68657E-12
-3.5,-1.56482E-10,-1.91585E-10,-2.3904E-10,-1.30378E-11,-1.52702E-10,-7.25654E-11,-2.95676E-11,-1.35643E-12
-3.49,-1.56471E-10,-1.92041E-10,-2.38954E-10,-1.30906E-11,-1.5752E-10,-7.26367E-11,-2.96161E-11,-8.78098E-13
-3.48,-1.5529E-10,-1.91231E-10,-2.3881E-10,-1.31037E-11,-1.51538E-10,-7.26634E-11,-2.98237E-11,-9.88828E-13
-3.47,-1.54879E-10,-1.9028E-10,-2.38927E-10,-1.3055E-11,-1.62378E-10,-7.33379E-11,-3.19851E-11,-1.33391E-12
-3.46,-1.54948E-10,-1.91307E-10,-2.38758E-10,-1.31832E-11,-1.53546E-10,-7.35129E-11,-2.37065E-11,-1.33473E-12
-3.45,-1.54779E-10,-1.90448E-10,-2.38401E-10,-1.30239E-11,-1.52897E-10,-7.33704E-11,-3.22812E-11,-1.37464E-12
-3.44,-1.55389E-10,-1.92269E-10,-2.37972E-10,-1.30421E-11,-1.35756E-10,-7.33058E-11,-2.76711E-11,-9.72044E-13
-3.43,-1.54948E-10,-1.86487E-10,-2.38186E-10,-1.29922E-11,-1.53919E-10,-7.30677E-11,-2.81093E-11,-1.24345E-12
-3.42,-1.55E-10,-1.91657E-10,-2.39462E-10,-1.31561E-11,-1.64269E-10,-7.32161E-11,-3.0722E-11,-1.41742E-12
-3.41,-1.54905E-10,-1.93304E-10,-2.39188E-10,-1.31277E-11,-1.57775E-10,-7.31924E-11,-3.43423E-11,-1.40023E-12
-3.4,-1.54974E-10,-1.93217E-10,-2.39048E-10,-1.37452E-11,-1.57575E-10,-7.32006E-11,-3.43468E-11,-1.06599E-12
-3.39,-1.54997E-10,-1.90611E-10,-2.38598E-10,-1.28807E-11,-1.55725E-10,-7.32689E-11,-3.13236E-11,-1.17774E-12
-3.38,-1.55736E-10,-1.88805E-10,-2.38038E-10,-1.24494E-11,-1.57124E-10,-7.30702E-11,-2.87401E-11,-1.27005E-12
-3.37,-1.56539E-10,-1.90458E-10,-2.37626E-10,-1.27867E-11,-1.55434E-10,-7.28722E-11,-2.84141E-11,-1.34292E-12
-3.36,-1.56412E-10,-1.89849E-10,-2.37394E-10,-1.30333E-11,-1.55556E-10,-7.28526E-11,-2.74531E-11,-1.38222E-12
-3.35,-1.549E-10,-1.91914E-10,-2.37884E-10,-1.29202E-11,-1.54767E-10,-7.27808E-11,-3.11377E-11,-1.0793E-12
-3.34,-1.5416E-10,-1.89162E-10,-2.38076E-10,-1.2791E-11,-1.54018E-10,-7.21051E-11,-3.48311E-11,-1.36421E-12
-3.33,-1.54203E-10,-1.90121E-10,-2.38064E-10,-1.28285E-11,-1.5412E-10,-7.24359E-11,-3.17734E-11,-1.43625E-12
-3.32,-1.557E-10,-1.89398E-10,-2.37018E-10,-1.29621E-11,-1.54177E-10,-7.25331E-11,-2.78502E-11,-1.2283E-12
-3.31,-1.55793E-10,-1.91003E-10,-2.36196E-10,-1.29378E-11,-1.53016E-10,-7.21825E-11,-3.01471E-11,-1.05883E-12
-3.3,-1.55118E-10,-1.89121E-10,-2.35875E-10,-1.29449E-11,-1.53994E-10,-7.22848E-11,-2.7195E-11,-1.13947E-12
-3.29,-1.54193E-10,-1.89038E-10,-2.35684E-10,-1.28561E-11,-1.53074E-10,-7.21837E-11,-3.15718E-11,-1.4342E-12
-3.28,-1.54598E-10,-1.8786E-10,-2.36175E-10,-1.29148E-11,-1.54342E-10,-7.22394E-11,-4.34854E-11,-1.28807E-12
-3.27,-1.51449E-10,-1.9008E-10,-2.36984E-10,-1.26756E-11,-1.55652E-10,-7.23059E-11,-2.91644E-11,-1.13968E-12
-3.26,-1.54566E-10,-1.8749E-10,-2.36878E-10,-1.27065E-11,-1.55295E-10,-7.20341E-11,-3.41845E-11,-1.11737E-12
-3.25,-1.54753E-10,-1.87896E-10,-2.36739E-10,-1.29783E-11,-1.5153E-10,-7.17987E-11,-3.21705E-11,-9.77366E-13
-3.24,-1.53634E-10,-1.88571E-10,-2.35859E-10,-1.29201E-11,-1.54292E-10,-7.17213E-11,-3.31609E-11,-1.20067E-12
-3.23,-1.52494E-10,-1.89702E-10,-2.35789E-10,-1.27067E-11,-1.5654E-10,-7.18525E-11,-3.25336E-11,-1.17447E-12
-3.22,-1.51723E-10,-1.88025E-10,-2.35598E-10,-1.28452E-11,-1.55038E-10,-7.22128E-11,-3.08516E-11,-1.32266E-12
-3.21,-1.55673E-10,-1.89455E-10,-2.35439E-10,-1.25851E-11,-1.5432E-10,-7.21491E-11,-2.93838E-11,-1.00459E-12
-3.2,-1.54732E-10,-1.87606E-10,-2.35493E-10,-1.26616E-11,-1.57302E-10,-7.24572E-11,-3.04707E-11,-9.42162E-13
-3.19,-1.52324E-10,-1.89499E-10,-2.35646E-10,-1.26445E-11,-1.48513E-10,-7.24042E-11,-3.15286E-11,-1.18982E-12
-3.18,-1.54246E-10,-1.89187E-10,-2.34661E-10,-1.26754E-11,-1.54674E-10,-7.24572E-11,-3.22227E-11,-1.17488E-12
-3.17,-1.53859E-10,-1.90474E-10,-2.34529E-10,-1.26426E-11,-1.50296E-10,-7.25573E-11,-3.13803E-11,-1.1845E-12
-3.16,-1.53277E-10,-1.90207E-10,-2.34262E-10,-1.2651E-11,-1.60212E-10,-7.23996E-11,-3.08868E-11,-1.13497E-12
-3.15,-1.56353E-10,-1.86459E-10,-2.35195E-10,-1.27282E-11,-1.58679E-10,-7.24672E-11,-3.06772E-11,-8.26519E-13
-3.14,-1.53417E-10,-1.90743E-10,-2.35808E-10,-1.27769E-11,-1.54997E-10,-7.26152E-11,-3.04866E-11,-1.01052E-12
-3.13,-1.53292E-10,-1.88115E-10,-2.35586E-10,-1.27304E-11,-1.53545E-10,-7.26322E-11,-3.07498E-11,-1.16526E-12
-3.12,-1.54815E-10,-1.87682E-10,-2.346E-10,-1.26492E-11,-1.50806E-10,-7.27586E-11,-3.06506E-11,-1.2545E-12
-3.11,-1.52633E-10,-1.87367E-10,-2.34911E-10,-1.2677E-11,-1.54765E-10,-7.26215E-11,-3.06747E-11,-1.06333E-12
-3.1,-1.53502E-10,-1.86878E-10,-2.35701E-10,-1.26217E-11,-1.54223E-10,-7.22146E-11,-3.07916E-11,-9.63243E-13
-3.09,-1.53497E-10,-1.88746E-10,-2.35331E-10,-1.25927E-11,-1.53749E-10,-7.21784E-11,-3.06993E-11,-1.04471E-12
-3.08,-1.54213E-10,-1.88753E-10,-2.35409E-10,-1.25609E-11,-1.53306E-10,-7.20836E-11,-3.10135E-11,-1.13046E-12
-3.07,-1.53628E-10,-1.87424E-10,-2.34761E-10,-1.26823E-11,-1.53189E-10,-7.23579E-11,-3.09236E-11,-1.08441E-12
-3.06,-1.53651E-10,-1.88257E-10,-2.34206E-10,-1.26416E-11,-1.52951E-10,-7.2128E-11,-3.05446E-11,-1.02731E-12
-3.05,-1.54028E-10,-1.88735E-10,-2.34656E-10,-1.24826E-11,-1.52972E-10,-7.21489E-11,-3.07386E-11,-9.54237E-13
-3.04,-1.52589E-10,-1.88757E-10,-2.34975E-10,-1.24506E-11,-1.52518E-10,-7.17979E-11,-3.06217E-11,-9.95173E-13
-3.03,-1.53701E-10,-1.88572E-10,-2.3574E-10,-1.23974E-11,-1.52846E-10,-7.17351E-11,-3.07934E-11,-1.10795E-12
-3.02,-1.53309E-10,-1.88338E-10,-2.34988E-10,-1.24404E-11,-1.52397E-10,-7.1637E-11,-3.12036E-11,-1.0314E-12
-3.01,-1.52018E-10,-1.87781E-10,-2.34223E-10,-1.26011E-11,-1.52239E-10,-7.12371E-11,-3.06915E-11,-9.29062E-13
-3,-1.54762E-10,-1.8739E-10,-2.34909E-10,-1.25661E-11,-1.51917E-10,-7.10393E-11,-3.0808E-11,-1.08318E-12
-2.99,-1.5252E-10,-1.87335E-10,-2.34648E-10,-1.26627E-11,-1.52418E-10,-7.11775E-11,-3.0659E-11,-8.92425E-13
-2.98,-1.52821E-10,-1.88494E-10,-2.34299E-10,-1.25519E-11,-1.52211E-10,-7.12377E-11,-3.06236E-11,-1.0662E-12
-2.97,-1.52296E-10,-1.8787E-10,-2.34222E-10,-1.25577E-11,-1.52865E-10,-7.15038E-11,-3.05783E-11,-1.01707E-12
-2.96,-1.51507E-10,-1.89049E-10,-2.34374E-10,-1.25382E-11,-1.52855E-10,-7.14197E-11,-3.04832E-11,-1.01196E-12
-2.95,-1.51522E-10,-1.88768E-10,-2.33394E-10,-1.25605E-11,-1.52897E-10,-7.10236E-11,-3.06774E-11,-9.17191E-13
-2.94,-1.51134E-10,-1.87167E-10,-2.33528E-10,-1.25137E-11,-1.52672E-10,-7.09896E-11,-3.05231E-11,-1.06845E-12
-2.93,-1.50977E-10,-1.8751E-10,-2.32924E-10,-1.2432E-11,-1.52413E-10,-7.11972E-11,-3.07159E-11,-1.00643E-12
-2.92,-1.51006E-10,-1.86449E-10,-2.33411E-10,-1.23872E-11,-1.53025E-10,-7.16986E-11,-3.05497E-11,-1.10693E-12
-2.91,-1.51376E-10,-1.87641E-10,-2.3453E-10,-1.24631E-11,-1.53019E-10,-7.13797E-11,-3.02099E-11,-9.55056E-13
-2.9,-1.51242E-10,-1.87669E-10,-2.34986E-10,-1.25249E-11,-1.51935E-10,-7.14229E-11,-3.69215E-11,-9.00612E-13
-2.89,-1.50467E-10,-1.87007E-10,-2.34302E-10,-1.25045E-11,-1.51879E-10,-7.08408E-11,-2.67654E-11,-9.45846E-13
-2.88,-1.50704E-10,-1.86949E-10,-2.34169E-10,-1.24486E-11,-1.52308E-10,-7.08605E-11,-3.47318E-11,-9.75115E-13
-2.87,-1.50644E-10,-1.8663E-10,-2.34154E-10,-1.24819E-11,-1.52191E-10,-7.12631E-11,-2.82663E-11,-9.38682E-13
-2.86,-1.50586E-10,-1.86256E-10,-2.35109E-10,-1.24891E-11,-1.51972E-10,-7.09423E-11,-3.53379E-11,-6.89386E-13
-2.85,-1.50589E-10,-1.86222E-10,-2.35238E-10,-1.24891E-11,-1.51996E-10,-7.1042E-11,-2.35385E-11,-8.0994E-13
-2.84,-1.51204E-10,-1.86296E-10,-2.35617E-10,-1.24412E-11,-1.5187E-10,-7.11763E-11,-2.47723E-11,-1.08093E-12
-2.83,-1.51938E-10,-1.87389E-10,-2.34293E-10,-1.2415E-11,-1.51279E-10,-7.12099E-11,-2.77262E-11,-9.69998E-13
-2.82,-1.50778E-10,-1.87038E-10,-2.33778E-10,-1.23902E-11,-1.51638E-10,-7.13638E-11,-2.80878E-11,-7.51403E-13
-2.81,-1.50867E-10,-1.87065E-10,-2.33445E-10,-1.22723E-11,-1.51673E-10,-7.11505E-11,-3.26578E-11,-9.48506E-13
-2.8,-1.50585E-10,-1.86612E-10,-2.33533E-10,-1.23814E-11,-1.54582E-10,-7.1084E-11,-3.22542E-11,-9.55056E-13
-2.79,-1.51051E-10,-1.86655E-10,-2.3376E-10,-1.23589E-11,-1.50471E-10,-7.10009E-11,-2.79601E-11,-8.4801E-13
-2.78,-1.51139E-10,-1.86407E-10,-2.34519E-10,-1.22359E-11,-1.51278E-10,-7.10772E-11,-2.75268E-11,-7.51198E-13
-2.77,-1.51058E-10,-1.85932E-10,-2.34492E-10,-1.23661E-11,-1.5092E-10,-7.08965E-11,-3.02513E-11,-7.00439E-13
-2.76,-1.50065E-10,-1.85846E-10,-2.34284E-10,-1.24115E-11,-1.51737E-10,-7.09235E-11,-2.82344E-11,-6.13656E-13
-2.75,-1.4983E-10,-1.86297E-10,-2.33543E-10,-1.23673E-11,-1.51788E-10,-7.07743E-11,-3.05681E-11,-1.03242E-12
-2.74,-1.4988E-10,-1.86834E-10,-2.34135E-10,-1.24332E-11,-1.51694E-10,-7.06044E-11,-3.36606E-11,-7.89473E-13
-2.73,-1.50451E-10,-1.86702E-10,-2.33404E-10,-1.23853E-11,-1.50963E-10,-7.08762E-11,-2.78543E-11,-6.76696E-13
-2.72,-1.50484E-10,-1.86346E-10,-2.33395E-10,-1.22089E-11,-1.50817E-10,-7.10183E-11,-2.72474E-11,-2.75735E-13
-2.71,-1.50187E-10,-1.84645E-10,-2.33197E-10,-1.23178E-11,-1.50702E-10,-7.09284E-11,-2.00344E-11,-8.05847E-13
-2.7,-1.49444E-10,-1.85825E-10,-2.32761E-10,-1.23798E-11,-1.51144E-10,-7.08711E-11,-2.90242E-11,-8.0728E-13
-2.69,-1.49558E-10,-1.85509E-10,-2.3264E-10,-1.2432E-11,-1.50981E-10,-7.0846E-11,-2.9357E-11,-6.82631E-13
-2.68,-1.49675E-10,-1.85199E-10,-2.31903E-10,-1.21289E-11,-1.50762E-10,-7.09898E-11,-2.76054E-11,-6.87135E-13
-2.67,-1.49388E-10,-1.8634E-10,-2.3178E-10,-1.21897E-11,-1.49887E-10,-7.1068E-11,-2.99459E-11,-9.56489E-13
-2.66,-1.49415E-10,-1.85411E-10,-2.32358E-10,-1.23204E-11,-1.49726E-10,-7.07815E-11,-2.94489E-11,-1.14868E-12
-2.65,-1.50038E-10,-1.87923E-10,-2.33819E-10,-1.25566E-11,-1.49662E-10,-7.0867E-11,-3.2596E-11,-6.51521E-13
-2.64,-1.50026E-10,-1.86674E-10,-2.32943E-10,-1.23376E-11,-1.49933E-10,-7.07352E-11,-3.02191E-11,-4.16143E-13
-2.63,-1.50181E-10,-1.85182E-10,-2.33032E-10,-1.20413E-11,-1.49658E-10,-7.07876E-11,-3.00435E-11,-9.09209E-13
-2.62,-1.48795E-10,-1.86059E-10,-2.32741E-10,-1.20973E-11,-1.49953E-10,-7.10676E-11,-2.73428E-11,-6.70556E-13
-2.61,-1.48157E-10,-1.85655E-10,-2.32851E-10,-1.21837E-11,-1.50129E-10,-7.12442E-11,-3.0011E-11,-6.72193E-13
-2.6,-1.47857E-10,-1.86263E-10,-2.32446E-10,-1.24021E-11,-1.50109E-10,-7.09436E-11,-3.01911E-11,-7.42192E-13
-2.59,-1.47791E-10,-1.85831E-10,-2.32125E-10,-1.22277E-11,-1.50213E-10,-7.05086E-11,-3.27854E-11,-5.0354E-13
-2.58,-1.48073E-10,-1.8468E-10,-2.32813E-10,-1.20996E-11,-1.50159E-10,-7.04849E-11,-3.07719E-11,-5.45089E-13
-2.57,-1.47893E-10,-1.85138E-10,-2.32942E-10,-1.19821E-11,-1.49762E-10,-7.05113E-11,-3.00357E-11,-6.49474E-13
-2.56,-1.47878E-10,-1.85104E-10,-2.33167E-10,-1.18141E-11,-1.49046E-10,-7.08017E-11,-3.54838E-11,-6.64006E-13
-2.55,-1.4682E-10,-1.84131E-10,-2.33242E-10,-1.22877E-11,-1.49207E-10,-7.05756E-11,-4.23513E-11,-7.7883E-13
-2.54,-1.46844E-10,-1.85017E-10,-2.316E-10,-1.20928E-11,-1.49476E-10,-6.98827E-11,-3.28545E-11,-6.88772E-13
-2.53,-1.46977E-10,-1.85595E-10,-2.31014E-10,-1.20185E-11,-1.49893E-10,-6.99599E-11,-3.35953E-11,-6.53363E-13
-2.52,-1.46825E-10,-1.84553E-10,-2.31059E-10,-1.19084E-11,-1.4989E-10,-6.99517E-11,-3.32733E-11,-9.43799E-13
-2.51,-1.46526E-10,-1.85908E-10,-2.3252E-10,-1.19142E-11,-1.49769E-10,-6.98512E-11,-3.00314E-11,-6.18772E-13
-2.5,-1.46579E-10,-1.84923E-10,-2.32505E-10,-1.21917E-11,-1.49541E-10,-6.957E-11,-2.96127E-11,-4.60148E-13
-2.49,-1.47001E-10,-1.83762E-10,-2.32944E-10,-1.20636E-11,-1.49235E-10,-6.95078E-11,-2.99317E-11,-4.12459E-13
-2.48,-1.45916E-10,-1.8423E-10,-2.32098E-10,-1.20583E-11,-1.49701E-10,-6.94678E-11,-2.85236E-11,1.89795E-14
-2.47,-1.45357E-10,-1.83684E-10,-2.31516E-10,-1.19002E-11,-1.49923E-10,-6.95391E-11,-2.75882E-11,-4.34288E-14
-2.46,-1.4509E-10,-1.83439E-10,-2.31341E-10,-1.18736E-11,-1.49691E-10,-6.99046E-11,-3.26058E-11,-8.20379E-13
-2.45,-1.45007E-10,-1.85014E-10,-2.31813E-10,-1.22044E-11,-1.49535E-10,-6.98092E-11,-3.26673E-11,-4.91668E-13
-2.44,-1.44824E-10,-1.84907E-10,-2.32072E-10,-1.20032E-11,-1.48994E-10,-6.98389E-11,-3.34078E-11,-5.89299E-13
-2.43,-1.40202E-10,-1.85383E-10,-2.31267E-10,-1.18278E-11,-1.49112E-10,-6.96138E-11,-3.31458E-11,-8.13215E-13
-2.42,-1.41332E-10,-1.84633E-10,-2.30466E-10,-1.17594E-11,-1.48766E-10,-6.96651E-11,-3.03759E-11,7.42263E-14
-2.41,-1.43027E-10,-1.84321E-10,-2.29625E-10,-1.1795E-11,-1.48465E-10,-6.96795E-11,-2.65693E-11,-6.53568E-13
-2.4,-1.42819E-10,-1.8475E-10,-2.29599E-10,-1.21123E-11,-1.48473E-10,-6.96336E-11,-3.04848E-11,-1.1495E-12
-2.39,-1.45927E-10,-1.84488E-10,-2.30019E-10,-1.20296E-11,-1.49223E-10,-6.96692E-11,-3.26159E-11,-1.42827E-12
-2.38,-1.40988E-10,-1.84884E-10,-2.30579E-10,-1.19426E-11,-1.49093E-10,-6.97628E-11,-3.15438E-11,-9.1146E-13
-2.37,-1.42094E-10,-1.83353E-10,-2.30464E-10,-1.18302E-11,-1.48564E-10,-6.94975E-11,-2.97293E-11,6.52474E-13
-2.36,-1.42136E-10,-1.83432E-10,-2.29898E-10,-1.1949E-11,-1.47672E-10,-6.94676E-11,-2.96288E-11,-5.0313E-13
-2.35,-1.3755E-10,-1.83214E-10,-2.30068E-10,-1.20928E-11,-1.48219E-10,-6.94138E-11,-2.96902E-11,-7.08012E-13
-2.34,-1.39992E-10,-1.83012E-10,-2.30589E-10,-1.21528E-11,-1.48469E-10,-6.92347E-11,-2.67629E-11,-9.9374E-13
-2.33,-1.38801E-10,-1.82847E-10,-2.29821E-10,-1.18802E-11,-1.48837E-10,-6.93659E-11,-2.98914E-11,-1.43748E-12
-2.32,-1.39545E-10,-1.83168E-10,-2.28835E-10,-1.16145E-11,-1.48758E-10,-6.95356E-11,-3.16015E-11,-1.31365E-12
-2.31,-1.38656E-10,-1.83938E-10,-2.28972E-10,-1.183E-11,-1.48518E-10,-6.95036E-11,-3.29249E-11,-3.51874E-13
-2.3,-1.39332E-10,-1.84393E-10,-2.29215E-10,-1.1942E-11,-1.47741E-10,-6.92912E-11,-2.9793E-11,-9.9067E-13
-2.29,-1.37172E-10,-1.83877E-10,-2.30566E-10,-1.19203E-11,-1.47586E-10,-6.84829E-11,-2.73565E-11,-4.48277E-13
-2.28,-1.38764E-10,-1.81382E-10,-2.30986E-10,-1.18051E-11,-1.47903E-10,-6.93143E-11,-2.58345E-11,-5.52867E-13
-2.27,-1.38491E-10,-1.88262E-10,-2.30366E-10,-1.16505E-11,-1.47331E-10,-6.9281E-11,-2.57825E-11,-5.52048E-13
-2.26,-1.3429E-10,-1.83061E-10,-2.30031E-10,-1.17752E-11,-1.47042E-10,-6.92671E-11,-2.92526E-11,-4.83686E-13
-2.25,-1.36373E-10,-1.80507E-10,-2.30264E-10,-1.18032E-11,-1.47393E-10,-6.82721E-11,-3.20739E-11,-4.82048E-13
-2.24,-1.35263E-10,-1.78529E-10,-2.30622E-10,-1.19837E-11,-1.47237E-10,-6.95399E-11,-4.12944E-11,-4.83277E-13
-2.23,-1.34812E-10,-1.82442E-10,-2.30557E-10,-1.19457E-11,-1.4744E-10,-6.9334E-11,-2.96945E-11,-5.57984E-13
-2.22,-1.34565E-10,-1.81775E-10,-2.30144E-10,-1.17406E-11,-1.47413E-10,-7.05111E-11,-2.92352E-11,-5.07429E-13
-2.21,-1.31628E-10,-1.77978E-10,-2.29094E-10,-1.16853E-11,-1.47271E-10,-6.91107E-11,-2.87958E-11,-3.71319E-13
-2.2,-1.3353E-10,-1.77664E-10,-2.28874E-10,-1.17615E-11,-1.4676E-10,-7.05786E-11,-2.71889E-11,-4.40704E-13
-2.19,-1.30627E-10,-1.8592E-10,-2.28254E-10,-1.18822E-11,-1.46964E-10,-6.26611E-11,-2.90402E-11,4.143E-13
-2.18,-1.3078E-10,-1.75151E-10,-2.28129E-10,-1.16726E-11,-1.47126E-10,-6.86061E-11,-2.92219E-11,-1.70331E-14
-2.17,-1.29512E-10,-1.8636E-10,-2.28482E-10,-1.16354E-11,-1.47151E-10,-6.9414E-11,-3.01753E-11,-8.20993E-13
-2.16,-1.30785E-10,-1.86753E-10,-2.29687E-10,-1.15871E-11,-1.46854E-10,-7.07841E-11,-2.8164E-11,-3.10232E-12
-2.15,-1.25884E-10,-1.74194E-10,-2.2989E-10,-1.16204E-11,-1.46809E-10,-7.22089E-11,-2.81957E-11,5.72674E-13
-2.14,-1.29218E-10,-1.79267E-10,-2.28901E-10,-1.17101E-11,-1.47086E-10,-6.64603E-11,-2.91292E-11,1.06253E-12
-2.13,-1.25632E-10,-1.8101E-10,-2.28684E-10,-1.17662E-11,-1.46513E-10,-7.64033E-11,-2.91237E-11,-9.69179E-13
-2.12,-1.26455E-10,-1.79492E-10,-2.28197E-10,-1.15867E-11,-1.46217E-10,-6.76519E-11,-2.94008E-11,-1.62455E-12
-2.11,-1.22187E-10,-1.80652E-10,-2.28395E-10,-1.17181E-11,-1.4605E-10,-6.86397E-11,-2.93478E-11,-3.81348E-13
-2.1,-1.24672E-10,-1.80067E-10,-2.28377E-10,-1.17586E-11,-1.46258E-10,-7.12958E-11,-2.95852E-11,-1.14193E-12
-2.09,-1.23406E-10,-1.80304E-10,-2.27456E-10,-1.18493E-11,-1.47136E-10,-6.79976E-11,-2.95879E-11,-7.42602E-13
-2.08,-1.19456E-10,-1.80017E-10,-2.26792E-10,-1.16206E-11,-1.46801E-10,-6.83294E-11,-2.9251E-11,-1.14786E-12
-2.07,-1.19264E-10,-1.79619E-10,-2.25191E-10,-1.16043E-11,-1.46798E-10,-6.79868E-11,-2.91976E-11,-8.94063E-13
-2.06,-1.18165E-10,-1.79347E-10,-2.26152E-10,-1.16039E-11,-1.45748E-10,-6.81074E-11,-2.94082E-11,-5.47136E-13
-2.05,-1.17501E-10,-1.79123E-10,-2.26596E-10,-1.16315E-11,-1.46565E-10,-6.80306E-11,-2.94917E-11,-1.11696E-12
-2.04,-1.15495E-10,-1.78704E-10,-2.27577E-10,-1.17244E-11,-1.46692E-10,-6.80969E-11,-2.94749E-11,-3.30331E-12
-2.03,-1.15808E-10,-1.79097E-10,-2.27284E-10,-1.15924E-11,-1.4678E-10,-6.79684E-11,-2.92432E-11,-1.08011E-12
-2.02,-1.12733E-10,-1.79106E-10,-2.26622E-10,-1.15357E-11,-1.46453E-10,-6.77095E-11,-2.93261E-11,-5.01195E-12
-2.01,-1.09134E-10,-1.78822E-10,-2.27013E-10,-1.13666E-11,-1.46415E-10,-6.85057E-11,-2.94622E-11,-2.16674E-12
-2,-1.09568E-10,-1.77267E-10,-2.2711E-10,-1.16374E-11,-1.46039E-10,-6.91717E-11,-2.95643E-11,-1.76885E-12
-1.99,-1.09628E-10,-1.76912E-10,-2.26274E-10,-1.1734E-11,-1.45362E-10,-6.79389E-11,-2.89915E-11,-1.73979E-12
-1.98,-1.07768E-10,-1.76826E-10,-2.25746E-10,-1.15668E-11,-1.45664E-10,-6.67135E-11,-2.90531E-11,-3.15083E-12
-1.97,-1.06003E-10,-1.76674E-10,-2.25858E-10,-1.13791E-11,-1.45515E-10,-6.71456E-11,-2.90271E-11,-1.12403E-13
-1.96,-1.03954E-10,-1.76349E-10,-2.26775E-10,-1.13924E-11,-1.45773E-10,-6.75563E-11,-2.91143E-11,-7.35234E-13
-1.95,-1.01909E-10,-1.75216E-10,-2.26284E-10,-1.1486E-11,-1.46188E-10,-6.78505E-11,-2.93642E-11,-2.74711E-13
-1.94,-1.00337E-10,-1.74569E-10,-2.2682E-10,-1.17228E-11,-1.46093E-10,-6.81499E-11,-2.93304E-11,-4.04476E-13
-1.93,-9.8846E-11,-1.74177E-10,-2.26527E-10,-1.15416E-11,-1.45696E-10,-6.73955E-11,-2.92692E-11,-4.61376E-13
-1.92,-9.71161E-11,-1.73813E-10,-2.25401E-10,-1.14145E-11,-1.45755E-10,-6.74229E-11,-2.92668E-11,-5.92164E-13
-1.91,-9.52664E-11,-1.73602E-10,-2.25147E-10,-1.12944E-11,-1.45598E-10,-6.75142E-11,-2.90439E-11,6.47155E-13
-1.9,-9.28459E-11,-1.73473E-10,-2.25122E-10,-1.13286E-11,-1.45629E-10,-6.74663E-11,-2.9191E-11,-1.19177E-14
-1.89,-9.03618E-11,-1.73742E-10,-2.25788E-10,-1.16473E-11,-1.45916E-10,-6.7516E-11,-2.90142E-11,1.07988E-13
-1.88,-8.88459E-11,-1.72798E-10,-2.2551E-10,-1.14567E-11,-1.45207E-10,-6.72786E-11,-2.89857E-11,-1.12064E-12
-1.87,-8.61505E-11,-1.72134E-10,-2.24961E-10,-1.13331E-11,-1.44692E-10,-6.761E-11,-2.89041E-11,7.11569E-14
-1.86,-8.39601E-11,-1.72088E-10,-2.23966E-10,-1.14119E-11,-1.44799E-10,-6.77166E-11,-2.90285E-11,-7.09649E-13
-1.85,-8.1924E-11,-1.7153E-10,-2.24414E-10,-1.1419E-11,-1.44621E-10,-6.75394E-11,-2.91243E-11,4.94101E-13
-1.84,-7.96391E-11,-1.70123E-10,-2.24199E-10,-1.14444E-11,-1.44245E-10,-6.74223E-11,-2.88953E-11,-7.47719E-13
-1.83,-7.7057E-11,-1.68897E-10,-2.23691E-10,-1.14348E-11,-1.4404E-10,-6.73443E-11,-2.8743E-11,-3.56991E-13
-1.82,-7.45339E-11,-1.68274E-10,-2.23337E-10,-1.12621E-11,-1.4419E-10,-6.73951E-11,-2.87291E-11,-5.75995E-13
-1.81,-7.18144E-11,-1.67941E-10,-2.23035E-10,-1.11656E-11,-1.44218E-10,-6.73774E-11,-2.87111E-11,-1.86905E-13
-1.8,-6.91452E-11,-1.67196E-10,-2.21837E-10,-1.11663E-11,-1.44883E-10,-6.71499E-11,-2.89364E-11,-5.01288E-13
-1.79,-6.67812E-11,-1.66262E-10,-2.21757E-10,-1.13945E-11,-1.44807E-10,-6.69927E-11,-2.88175E-11,-8.77075E-13
-1.78,-6.42659E-11,-1.64438E-10,-2.21383E-10,-1.14197E-11,-1.44719E-10,-6.68017E-11,-2.87459E-11,-1.18134E-13
-1.77,-6.07434E-11,-1.63579E-10,-2.20917E-10,-1.13689E-11,-1.44411E-10,-6.70383E-11,-2.85717E-11,-1.10765E-13
-1.76,-5.76573E-11,-1.62768E-10,-2.20687E-10,-1.12649E-11,-1.44195E-10,-6.73019E-11,-2.86609E-11,-8.17011E-14
-1.75,-5.45429E-11,-1.61932E-10,-2.21626E-10,-1.1314E-11,-1.4449E-10,-6.73222E-11,-2.89397E-11,-1.47023E-12
-1.74,-5.14179E-11,-1.61133E-10,-2.21411E-10,-1.13298E-11,-1.44376E-10,-6.69896E-11,-2.88361E-11,-6.41696E-13
-1.73,-4.83072E-11,-1.60526E-10,-2.20194E-10,-1.12678E-11,-1.44023E-10,-6.68734E-11,-2.87147E-11,-2.06145E-13
-1.72,-4.45559E-11,-1.59374E-10,-2.19853E-10,-1.11513E-11,-1.442E-10,-6.7096E-11,-2.85111E-11,-2.25179E-13
-1.71,-4.07193E-11,-1.57728E-10,-2.20348E-10,-1.12457E-11,-1.44194E-10,-6.72407E-11,-2.85043E-11,-4.68745E-13
-1.7,-3.66188E-11,-1.5653E-10,-2.20423E-10,-1.11861E-11,-1.44082E-10,-6.72182E-11,-2.84597E-11,-4.96785E-13
-1.69,-3.31411E-11,-1.55091E-10,-2.20104E-10,-1.11964E-11,-1.43524E-10,-6.68674E-11,-2.82205E-11,-1.60911E-13
-1.68,-2.95181E-11,-1.53948E-10,-2.19065E-10,-1.11681E-11,-1.43146E-10,-6.66118E-11,-2.83238E-11,-1.64686E-12
-1.67,-2.52692E-11,-1.52553E-10,-2.17677E-10,-1.10359E-11,-1.43261E-10,-6.67409E-11,-2.84931E-11,1.78217E-12
-1.66,-2.09872E-11,-1.50749E-10,-2.17098E-10,-1.12033E-11,-1.43316E-10,-6.67677E-11,-2.83977E-11,-1.35418E-12
-1.65,-1.64925E-11,-1.49183E-10,-2.17529E-10,-1.10799E-11,-1.44058E-10,-6.72227E-11,-2.85438E-11,-2.9477E-13
-1.64,-1.20193E-11,-1.47779E-10,-2.17126E-10,-1.10134E-11,-1.43587E-10,-6.68516E-11,-2.85444E-11,-5.714E-14
-1.63,-7.50513E-12,-1.45906E-10,-2.16055E-10,-1.12404E-11,-1.43258E-10,-6.67622E-11,-2.84452E-11,-3.27887E-14
-1.62,-2.21382E-12,-1.44731E-10,-2.14221E-10,-1.11272E-11,-1.4318E-10,-6.63618E-11,-2.83205E-11,-7.8149E-13
-1.61,2.7496E-12,-1.43446E-10,-2.13502E-10,-1.0935E-11,-1.43172E-10,-6.62873E-11,-2.81599E-11,-5.63212E-14
-1.6,8.07354E-12,-1.41664E-10,-2.12954E-10,-1.10404E-11,-1.4287E-10,-6.64409E-11,-2.84321E-11,1.00417E-13
-1.59,1.32029E-11,-1.3972E-10,-2.12109E-10,-1.09456E-11,-1.42747E-10,-6.64537E-11,-2.85074E-11,-3.75617E-13
-1.58,1.84129E-11,-1.38061E-10,-2.11415E-10,-1.10426E-11,-1.43042E-10,-6.64476E-11,-2.85039E-11,-8.01958E-13
-1.57,2.44119E-11,-1.35754E-10,-2.11885E-10,-1.09061E-11,-1.42776E-10,-6.5302E-11,-2.83754E-11,-1.55517E-12
-1.56,3.05428E-11,-1.32677E-10,-2.11202E-10,-1.10361E-11,-1.42632E-10,-6.517E-11,-2.81558E-11,-5.47136E-13
-1.55,3.68653E-11,-1.31019E-10,-2.10387E-10,-1.10635E-11,-1.42452E-10,-6.53051E-11,-2.79832E-11,-3.31816E-13
-1.54,4.31317E-11,-1.29111E-10,-2.08961E-10,-1.09947E-11,-1.4239E-10,-6.53841E-11,-2.8088E-11,-3.07255E-13
-1.53,4.98607E-11,-1.27322E-10,-2.06913E-10,-1.09743E-11,-1.4192E-10,-6.54214E-11,-2.82522E-11,6.78831E-14
-1.52,5.73618E-11,-1.24753E-10,-2.06222E-10,-1.08844E-11,-1.41421E-10,-6.52804E-11,-2.82469E-11,-3.136E-13
-1.51,6.45864E-11,-1.22298E-10,-2.0545E-10,-1.10025E-11,-1.41623E-10,-6.55041E-11,-2.83907E-11,-5.71492E-13
-1.5,7.17225E-11,-1.19178E-10,-2.04343E-10,-1.0867E-11,-1.42235E-10,-6.51252E-11,-2.82428E-11,-5.31376E-13
-1.49,7.95952E-11,-1.16018E-10,-2.03122E-10,-1.07403E-11,-1.42197E-10,-6.52728E-11,-2.78854E-11,-1.40443E-13
-1.48,8.77776E-11,-1.13329E-10,-2.01682E-10,-1.09397E-11,-1.42076E-10,-6.51352E-11,-2.79906E-11,-4.56795E-14
-1.47,9.66827E-11,-1.10457E-10,-1.99605E-10,-1.0902E-11,-1.41496E-10,-6.50466E-11,-2.79994E-11,-5.10139E-12
-1.46,1.06187E-10,-1.07126E-10,-1.9828E-10,-1.08764E-11,-1.41741E-10,-6.49105E-11,-2.80872E-11,2.59286E-12
-1.45,1.16846E-10,-1.0374E-10,-1.96141E-10,-1.07649E-11,-1.41798E-10,-6.4651E-11,-2.80166E-11,4.82565E-12
-1.44,1.26403E-10,-9.97426E-11,-1.94734E-10,-1.06421E-11,-1.41534E-10,-6.48206E-11,-2.7963E-11,2.33034E-12
-1.43,1.36054E-10,-9.58584E-11,-1.93089E-10,-1.0734E-11,-1.41458E-10,-6.46645E-11,-2.76269E-11,-3.30588E-13
-1.42,1.47621E-10,-9.19083E-11,-1.92661E-10,-1.06032E-11,-1.41297E-10,-6.45732E-11,-2.77042E-11,-7.59999E-13
-1.41,1.59619E-10,-8.79963E-11,-1.9111E-10,-1.07248E-11,-1.41078E-10,-6.467E-11,-2.79632E-11,-1.30301E-12
-1.4,1.7198E-10,-8.43612E-11,-1.88094E-10,-1.0594E-11,-1.40821E-10,-6.4996E-11,-2.77002E-11,-1.10529E-12
-1.39,1.85217E-10,-8.01554E-11,-1.86466E-10,-1.04382E-11,-1.40472E-10,-6.49535E-11,-2.75931E-11,-1.80221E-12
-1.38,1.9874E-10,-7.55812E-11,-1.84478E-10,-1.04871E-11,-1.40131E-10,-6.47091E-11,-2.76326E-11,-1.07193E-12
-1.37,2.13465E-10,-7.09404E-11,-1.82263E-10,-1.13998E-11,-1.40189E-10,-6.4601E-11,-2.76312E-11,-1.10283E-12
-1.36,2.28584E-10,-6.59276E-11,-1.80794E-10,-9.88456E-12,-1.40869E-10,-6.43863E-11,-2.77898E-11,6.54276E-14
-1.35,2.43177E-10,-6.0874E-11,-1.78331E-10,-1.03932E-11,-1.40841E-10,-6.44228E-11,-2.78064E-11,2.85596E-13
-1.34,2.60446E-10,-5.55503E-11,-1.75218E-10,-1.03412E-11,-1.40427E-10,-6.45048E-11,-2.76957E-11,-4.34359E-13
-1.33,2.77449E-10,-4.99102E-11,-1.7241E-10,-1.03881E-11,-1.40027E-10,-6.44614E-11,-2.74584E-11,-2.22928E-13
-1.32,2.95786E-10,-4.41892E-11,-1.68965E-10,-1.04849E-11,-1.40086E-10,-6.40488E-11,-2.76971E-11,-5.89708E-13
-1.31,3.15163E-10,-3.79412E-11,-1.6628E-10,-1.03836E-11,-1.40013E-10,-6.41033E-11,-2.75753E-11,-3.40003E-13
-1.3,3.38034E-10,-3.18614E-11,-1.62763E-10,-1.02342E-11,-1.40269E-10,-6.4092E-11,-2.75426E-11,-4.20236E-13
-1.29,3.55247E-10,-2.52018E-11,-1.60287E-10,-1.01238E-11,-1.39437E-10,-6.40111E-11,-2.75219E-11,-4.17166E-13
-1.28,3.75514E-10,-1.83327E-11,-1.56934E-10,-1.0185E-11,-1.38883E-10,-6.42177E-11,-2.71944E-11,-2.61612E-13
-1.27,3.97946E-10,-1.1259E-11,-1.53709E-10,-1.00706E-11,-1.38605E-10,-6.40635E-11,-2.75618E-11,-3.85441E-13
-1.26,4.21003E-10,-3.87092E-12,-1.49652E-10,-9.97954E-12,-1.387E-10,-6.37195E-11,-2.77043E-11,-3.08688E-13
-1.25,4.45455E-10,3.82041E-12,-1.44851E-10,-1.00252E-11,-1.38962E-10,-6.38142E-11,-2.7975E-11,-3.11962E-13
-1.24,4.71519E-10,1.18708E-11,-1.40888E-10,-1.01206E-11,-1.39258E-10,-6.38128E-11,-2.73086E-11,-3.71728E-13
-1.23,4.96133E-10,2.02139E-11,-1.36632E-10,-9.92898E-12,-1.38681E-10,-6.39264E-11,-2.71056E-11,-4.04476E-13
-1.22,5.18846E-10,2.93838E-11,-1.32595E-10,-9.74231E-12,-1.38227E-10,-6.37602E-11,-2.70831E-11,-4.56464E-13
-1.21,5.45555E-10,3.82714E-11,-1.27841E-10,-1.00545E-11,-1.38044E-10,-6.34577E-11,-2.72734E-11,-3.29974E-13
-1.2,5.73617E-10,4.7831E-11,-1.22513E-10,-9.70526E-12,-1.37967E-10,-6.34309E-11,-2.75812E-11,-2.30501E-13
-1.19,6.05147E-10,5.78822E-11,-1.16446E-10,-9.69933E-12,-1.3815E-10,-6.33725E-11,-2.74867E-11,-2.16378E-13
-1.18,6.3609E-10,6.80348E-11,-1.11208E-10,-9.59126E-12,-1.37833E-10,-6.3391E-11,-2.74425E-11,-3.38775E-13
-1.17,6.64551E-10,7.94057E-11,-1.05639E-10,-9.76073E-12,-1.36833E-10,-6.35508E-11,-2.68352E-11,-3.34067E-13
-1.16,6.97986E-10,9.12837E-11,-9.94653E-11,-9.60108E-12,-1.36397E-10,-6.35576E-11,-2.73145E-11,-3.78482E-13
-1.15,7.31364E-10,1.03585E-10,-9.29398E-11,-9.36918E-12,-1.36308E-10,-6.34313E-11,-2.72656E-11,-3.56173E-13
-1.14,7.64167E-10,1.15582E-10,-8.64011E-11,-9.36222E-12,-1.36263E-10,-6.3226E-11,-2.7406E-11,-2.96612E-13
-1.13,7.99442E-10,1.28963E-10,-7.937E-11,-9.25702E-12,-1.35932E-10,-6.31343E-11,-2.71674E-11,-3.09711E-13
-1.12,8.35041E-10,1.43033E-10,-7.21653E-11,-9.1162E-12,-1.36082E-10,-6.30078E-11,-2.68909E-11,-2.80442E-13
-1.11,8.69109E-10,1.57602E-10,-6.38463E-11,-9.08202E-12,-1.36006E-10,-6.21631E-11,-2.71289E-11,-3.12372E-13
-1.1,9.08923E-10,1.73291E-10,-5.54559E-11,-8.8362E-12,-1.35558E-10,-6.23971E-11,-2.70493E-11,-2.82898E-13
-1.09,9.48776E-10,1.89492E-10,-4.64738E-11,-8.76313E-12,-1.35625E-10,-6.2282E-11,-2.74695E-11,-2.50764E-13
-1.08,9.90264E-10,2.06914E-10,-3.7533E-11,-8.76804E-12,-1.35414E-10,-6.18872E-11,-2.70145E-11,-2.76963E-13
-1.07,1.03672E-09,2.24978E-10,-2.78691E-11,-8.63398E-12,-1.34797E-10,-6.17929E-11,-2.70067E-11,-2.00209E-13
-1.06,1.08182E-09,2.45306E-10,-1.77502E-11,-8.4424E-12,-1.34673E-10,-6.18299E-11,-2.63395E-11,-2.89653E-13
-1.05,1.1243E-09,2.65196E-10,-6.81707E-12,-8.33412E-12,-1.34337E-10,-6.19453E-11,-2.68532E-11,-2.29478E-13
-1.04,1.16527E-09,2.86043E-10,4.77229E-12,-8.20804E-12,-1.34264E-10,-6.20991E-11,-2.70182E-11,-2.08805E-13
-1.03,1.20236E-09,3.08752E-10,1.618E-11,-8.03632E-12,-1.34203E-10,-6.19971E-11,-2.72077E-11,-2.04098E-13
-1.02,1.2472E-09,3.31722E-10,2.85008E-11,-7.91412E-12,-1.3401E-10,-6.18815E-11,-2.7E-11,-2.92109E-13
-1.01,1.29439E-09,3.55887E-10,4.17276E-11,-8.49193E-12,-1.33605E-10,-6.1465E-11,-2.64375E-11,-4.24534E-13
-1,1.3432E-09,3.83376E-10,5.55699E-11,-7.13717E-12,-1.32914E-10,-6.12809E-11,-2.6538E-11,-2.63045E-13
-0.99,1.39796E-09,4.11927E-10,7.01904E-11,-7.40939E-12,-1.3249E-10,-6.13473E-11,-2.66448E-11,-1.74215E-13
-0.98,1.45036E-09,4.38944E-10,8.54345E-11,-7.28249E-12,-1.32047E-10,-6.11569E-11,-2.68884E-11,-1.73396E-13
-0.97,1.49971E-09,4.68313E-10,1.01838E-10,-7.04813E-12,-1.31931E-10,-6.09768E-11,-2.66205E-11,-2.62021E-13
-0.96,1.54168E-09,4.9746E-10,1.19589E-10,-6.85491E-12,-1.31446E-10,-6.06248E-11,-2.60992E-11,-3.62108E-13
-0.95,1.59906E-09,5.2847E-10,1.37846E-10,-6.61073E-12,-1.31002E-10,-6.04246E-11,-2.64568E-11,-2.18834E-13
-0.94,1.65523E-09,5.62247E-10,1.57196E-10,-6.36205E-12,-1.30209E-10,-6.04301E-11,-2.65253E-11,-2.7553E-13
-0.93,1.71531E-09,5.99468E-10,1.77692E-10,-6.11603E-12,-1.29414E-10,-6.03562E-11,-2.67799E-11,-1.31438E-13
-0.92,1.78234E-09,6.34168E-10,1.98905E-10,-5.74556E-12,-1.28577E-10,-6.03632E-11,-2.63612E-11,-1.52315E-13
-0.91,1.84285E-09,6.6709E-10,2.21149E-10,-5.31635E-12,-1.27936E-10,-6.01955E-11,-2.58642E-11,-2.83922E-13
-0.9,1.89603E-09,7.04994E-10,2.4562E-10,-5.21933E-12,-1.27334E-10,-6.01921E-11,-2.6098E-11,-2.07373E-13
-0.89,1.93453E-09,7.44852E-10,2.73409E-10,-5.02693E-12,-1.26703E-10,-5.98679E-11,-2.62175E-11,-1.75852E-13
-0.88,1.99673E-09,7.86716E-10,3.00734E-10,-4.64787E-12,-1.2656E-10,-5.9706E-11,-2.62423E-11,-1.46788E-13
-0.87,2.0602E-09,8.33124E-10,3.29142E-10,-4.19512E-12,-1.25338E-10,-5.97215E-11,-2.60388E-11,-2.93132E-13
-0.86,2.12839E-09,8.77239E-10,3.57231E-10,-3.76939E-12,-1.24695E-10,-5.97678E-11,-2.5637E-11,-2.43191E-13
-0.85,2.18506E-09,9.2127E-10,3.88818E-10,-3.42819E-12,-1.23665E-10,-5.91302E-11,-2.57883E-11,-2.59156E-13
-0.84,2.25507E-09,9.64849E-10,4.25385E-10,-3.0305E-12,-1.22856E-10,-5.90269E-11,-2.57752E-11,-1.7708E-13
-0.83,2.3232E-09,1.01404E-09,4.61181E-10,-2.52576E-12,-1.21705E-10,-5.8762E-11,-2.53449E-11,-1.8711E-13
-0.82,2.39015E-09,1.06484E-09,4.98234E-10,-1.94959E-12,-1.20369E-10,-5.84621E-11,-2.53368E-11,-2.18835E-13
-0.81,2.45981E-09,1.11832E-09,5.361E-10,-1.4555E-12,-1.19234E-10,-5.82473E-11,-2.49073E-11,-2.16378E-13
-0.8,2.54329E-09,1.17176E-09,5.77294E-10,-9.65297E-13,-1.17647E-10,-5.82041E-11,-2.49438E-11,-3.7971E-13
-0.79,2.6054E-09,1.22457E-09,6.24611E-10,-4.35795E-13,-1.16182E-10,-5.76936E-11,-2.53922E-11,-7.88357E-14
-0.78,2.66891E-09,1.27964E-09,6.70705E-10,1.86768E-13,-1.14617E-10,-5.26804E-11,-2.53187E-11,-1.45151E-13
-0.77,2.74375E-09,1.33825E-09,7.18413E-10,1.06131E-12,-1.12572E-10,-3.08295E-11,-2.47653E-11,-1.601E-14
-0.76,2.82422E-09,1.39464E-09,7.68698E-10,1.88224E-12,-1.10976E-10,-4.43454E-11,-2.44548E-11,-4.17918E-14
-0.75,2.90688E-09,1.45844E-09,8.20211E-10,2.27511E-12,-1.09601E-10,-2.93884E-11,-2.43103E-11,-3.5781E-13
-0.74,2.98018E-09,1.52839E-09,8.70461E-10,3.25278E-12,-1.07979E-10,-8.57562E-11,-2.4803E-11,-1.87314E-13
-0.73,3.05113E-09,1.59173E-09,9.26067E-10,4.18052E-12,-1.05653E-10,-3.47061E-11,-2.43848E-11,-1.34712E-13
-0.72,3.1157E-09,1.65285E-09,9.83914E-10,5.3092E-12,-1.02887E-10,-4.51864E-11,-2.41715E-11,-1.4597E-13
-0.71,3.19479E-09,1.71818E-09,1.04726E-09,6.19233E-12,-1.00763E-10,-8.0777E-11,-2.38193E-11,-1.53747E-13
-0.7,3.24134E-09,1.79025E-09,1.11899E-09,7.10637E-12,-9.82844E-11,-6.15974E-11,-2.38093E-11,-1.96115E-13
-0.69,3.35753E-09,1.85802E-09,1.18437E-09,8.16056E-12,-9.54018E-11,-5.42155E-11,-2.37155E-11,-1.37592E-14
-0.68,3.45369E-09,1.92359E-09,1.25284E-09,9.60149E-12,-9.21648E-11,-5.31575E-11,-2.38154E-11,-8.68181E-14
-0.67,3.53785E-09,1.99574E-09,1.31425E-09,1.10887E-11,-8.87336E-11,-5.27232E-11,-2.36074E-11,2.83919E-14
-0.66,3.59576E-09,2.07881E-09,1.39349E-09,1.26235E-11,-8.56994E-11,-5.259E-11,-2.32748E-11,-1.36759E-13
-0.65,3.68102E-09,2.14984E-09,1.47276E-09,1.34526E-11,-8.24418E-11,-5.06824E-11,-2.27806E-11,-1.66233E-13
-0.64,3.76737E-09,2.21999E-09,1.5527E-09,1.54608E-11,-7.85392E-11,-5.01371E-11,-2.25968E-11,-9.70519E-14
-0.63,3.8588E-09,2.29775E-09,1.63463E-09,1.72274E-11,-7.41134E-11,-4.9826E-11,-2.24494E-11,-6.08241E-14
-0.62,3.97509E-09,2.37398E-09,1.71807E-09,1.91087E-11,-6.92515E-11,-4.8923E-11,-2.25394E-11,-5.61166E-14
-0.61,4.07221E-09,2.45811E-09,1.79764E-09,2.09734E-11,-6.43757E-11,-4.78781E-11,-2.22537E-11,-1.23455E-13
-0.6,4.16174E-09,2.5565E-09,1.88439E-09,2.26648E-11,-5.93836E-11,-4.66772E-11,-2.15942E-11,-2.11875E-13
-0.59,4.23472E-09,2.64513E-09,1.97645E-09,2.52526E-11,-5.41342E-11,-4.56715E-11,-2.10097E-11,-7.76076E-14
-0.58,4.30661E-09,2.73047E-09,2.06942E-09,2.79206E-11,-4.78193E-11,-4.43087E-11,-2.06875E-11,5.47479E-15
-0.57,4.4058E-09,2.79839E-09,2.17479E-09,3.03443E-11,-4.11012E-11,-4.30162E-11,-2.03836E-11,5.86753E-14
-0.56,4.50294E-09,2.89704E-09,2.2764E-09,3.25468E-11,-3.37827E-11,-4.19005E-11,-2.01554E-11,-1.7647E-14
-0.55,4.60593E-09,2.98396E-09,2.38386E-09,3.5444E-11,-2.60363E-11,-4.0205E-11,-1.95178E-11,-6.18475E-14
-0.54,4.70937E-09,3.08048E-09,2.48905E-09,3.85013E-11,-1.80803E-11,-3.83395E-11,-1.88849E-11,4.7626E-14
-0.53,4.80088E-09,3.17842E-09,2.58598E-09,4.15263E-11,-8.82656E-12,-3.64414E-11,-1.84164E-11,-2.64455E-14
-0.52,4.89691E-09,3.27309E-09,2.69378E-09,4.46711E-11,1.56671E-12,-3.44789E-11,-1.79029E-11,5.63968E-16
-0.51,5.00478E-09,3.35808E-09,2.81138E-09,4.82814E-11,1.19624E-11,-3.25848E-11,-1.73065E-11,2.20488E-14
-0.5,5.11401E-09,3.46184E-09,2.93306E-09,5.23981E-11,2.34873E-11,-3.0309E-11,-1.64593E-11,-1.33689E-13
-0.49,5.22833E-09,3.56031E-09,3.04632E-09,5.62569E-11,3.60877E-11,-2.8101E-11,-1.57163E-11,5.5606E-14
-0.48,5.34047E-09,3.67169E-09,3.16355E-09,6.01129E-11,5.00777E-11,-2.54205E-11,-1.4737E-11,7.9137E-14
-0.47,5.48402E-09,3.79646E-09,3.27374E-09,6.44838E-11,6.53823E-11,-2.2718E-11,-1.41555E-11,1.38885E-13
-0.46,5.55364E-09,3.8997E-09,3.38405E-09,6.87841E-11,8.19124E-11,-1.95277E-11,-1.31921E-11,1.8206E-13
-0.45,5.66621E-09,3.99646E-09,3.50857E-09,7.36687E-11,9.94212E-11,-1.63466E-11,-1.21898E-11,9.8371E-14
-0.44,5.78609E-09,4.11473E-09,3.63328E-09,7.83162E-11,1.19789E-10,-1.27819E-11,-1.129E-11,3.6372E-14
-0.43,5.90168E-09,4.22814E-09,3.7632E-09,8.15709E-11,1.40984E-10,-9.00439E-12,-1.00231E-11,-6.69644E-14
-0.42,5.9863E-09,4.31947E-09,3.91638E-09,8.76084E-11,1.64013E-10,-4.85989E-12,-8.59543E-12,9.56712E-15
-0.41,6.10119E-09,4.43033E-09,4.05279E-09,9.30539E-11,1.89151E-10,-4.23717E-13,-7.2679E-12,7.11569E-14
-0.4,6.22379E-09,4.54896E-09,4.18845E-09,9.88477E-11,2.16431E-10,4.67076E-12,-5.74203E-12,6.99293E-14
-0.39,6.38492E-09,4.69036E-09,4.30276E-09,1.0489E-10,2.4675E-10,1.0142E-11,-4.19775E-12,9.79618E-14
-0.38,6.50277E-09,4.8067E-09,4.45453E-09,1.11174E-10,2.77797E-10,1.5885E-11,-2.3401E-12,1.89426E-13
-0.37,6.62774E-09,4.91923E-09,4.59756E-09,1.17079E-10,3.11549E-10,2.24598E-11,-4.06728E-13,7.87278E-14
-0.36,6.7352E-09,5.01979E-09,4.74544E-09,1.23411E-10,3.48294E-10,2.93295E-11,1.61131E-12,3.61714E-13
-0.35,6.87984E-09,5.14317E-09,4.90099E-09,1.29271E-10,3.88472E-10,3.69222E-11,3.76307E-12,3.80538E-13
-0.34,7.01131E-09,5.28566E-09,5.0573E-09,1.36766E-10,4.34347E-10,4.52989E-11,6.03882E-12,2.6759E-13
-0.33,7.1151E-09,5.42586E-09,5.19125E-09,1.43311E-10,4.82848E-10,5.47479E-11,8.88136E-12,2.91939E-13
-0.32,7.25108E-09,5.55396E-09,5.33908E-09,1.48903E-10,5.31804E-10,6.44382E-11,1.17896E-11,2.11729E-13
-0.31,7.45769E-09,5.68321E-09,5.4963E-09,1.5623E-10,5.84922E-10,7.52661E-11,1.49112E-11,2.92553E-13
-0.3,7.59593E-09,5.79116E-09,5.66144E-09,1.6292E-10,6.42169E-10,8.75066E-11,1.7974E-11,3.32658E-13
-0.29,7.73401E-09,5.9254E-09,5.83455E-09,1.69936E-10,7.0348E-10,1.00491E-10,2.14248E-11,3.15061E-13
-0.28,7.80554E-09,6.0575E-09,6.03614E-09,1.77483E-10,7.66404E-10,1.14817E-10,2.52792E-11,3.46367E-13
-0.27,7.92371E-09,6.1928E-09,6.19236E-09,1.86057E-10,8.27466E-10,1.30982E-10,2.9594E-11,3.24882E-13
-0.26,8.06154E-09,6.38522E-09,6.36634E-09,1.94172E-10,8.95906E-10,1.47819E-10,3.38357E-11,4.07139E-13
-0.25,8.19781E-09,6.53346E-09,6.55139E-09,2.02283E-10,9.67676E-10,1.65914E-10,3.85329E-11,4.22076E-13
-0.24,8.34132E-09,6.68033E-09,6.72378E-09,2.09776E-10,1.04399E-09,1.85815E-10,4.37854E-11,4.83052E-13
-0.23,8.50014E-09,6.81011E-09,6.88038E-09,2.2016E-10,1.12926E-09,2.08032E-10,4.9031E-11,3.9302E-13
-0.22,8.62296E-09,6.95526E-09,7.08938E-09,2.26419E-10,1.21022E-09,2.31198E-10,5.49839E-11,4.42537E-13
-0.21,8.74079E-09,7.0936E-09,7.30951E-09,2.34457E-10,1.29053E-09,2.55973E-10,6.07914E-11,3.51278E-13
-0.2,8.89216E-09,7.23931E-09,7.50248E-09,2.43199E-10,1.37556E-09,2.80395E-10,6.77956E-11,4.36808E-13
-0.19,9.03707E-09,7.39557E-09,7.69864E-09,2.52632E-10,1.4662E-09,3.07311E-10,7.47902E-11,4.89599E-13
-0.18,9.1853E-09,7.5457E-09,7.89369E-09,2.63241E-10,1.55734E-09,3.36303E-10,8.21143E-11,4.59111E-13
-0.17,9.35132E-09,7.6782E-09,8.05009E-09,2.72077E-10,1.64851E-09,3.68525E-10,8.99606E-11,4.0898E-13
-0.16,9.56355E-09,7.82775E-09,8.23303E-09,2.81366E-10,1.7374E-09,3.99941E-10,9.86149E-11,6.71504E-13
-0.15,9.62801E-09,7.99222E-09,8.44865E-09,2.92584E-10,1.83356E-09,4.32072E-10,1.07363E-10,8.27831E-13
-0.14,9.7768E-09,8.15411E-09,8.70577E-09,3.01799E-10,1.93543E-09,4.60882E-10,1.15447E-10,7.28183E-13
-0.13,9.94243E-09,8.30669E-09,8.92449E-09,3.11601E-10,2.04419E-09,4.9633E-10,1.24692E-10,7.47008E-13
-0.12,1.01185E-08,8.52154E-09,9.11819E-09,3.21228E-10,2.13058E-09,5.32035E-10,1.35189E-10,7.76882E-13
-0.11,1.02256E-08,8.67829E-09,9.26127E-09,3.29335E-10,2.24087E-09,5.67938E-10,1.45999E-10,8.30696E-13
-0.1,1.0392E-08,8.83792E-09,9.50562E-09,3.39949E-10,2.35264E-09,6.05121E-10,1.55304E-10,8.27627E-13
-0.09,1.05172E-08,9.0148E-09,9.74739E-09,3.50222E-10,2.46632E-09,6.41807E-10,1.65624E-10,8.02254E-13
-0.08,1.06318E-08,9.19101E-09,9.97614E-09,3.60703E-10,2.59832E-09,6.80716E-10,1.76279E-10,8.99039E-13
-0.07,1.07893E-08,9.35891E-09,1.02122E-08,3.71461E-10,2.72078E-09,7.25254E-10,1.87887E-10,9.09474E-13
-0.06,1.09971E-08,9.4997E-09,1.04361E-08,3.83311E-10,2.8473E-09,7.68024E-10,1.99745E-10,1.04452E-12
-0.05,1.11725E-08,9.6653E-09,1.06293E-08,3.95314E-10,2.96571E-09,8.11433E-10,2.12923E-10,1.13865E-12
-0.04,1.13177E-08,9.84188E-09,1.08596E-08,4.07863E-10,3.09064E-09,8.56889E-10,2.246E-10,1.07603E-12
-0.03,1.14727E-08,1.00962E-08,1.10971E-08,4.19897E-10,3.23201E-09,9.03741E-10,2.36097E-10,1.02897E-12
-0.02,1.16484E-08,1.02983E-08,1.13343E-08,4.31771E-10,3.36636E-09,9.49728E-10,2.4881E-10,1.14008E-12
-0.01,1.18196E-08,1.04836E-08,1.16061E-08,4.43863E-10,3.50426E-09,9.96298E-10,2.63535E-10,1.37293E-12
-9.01501E-14,1.19647E-08,1.06709E-08,1.19111E-08,4.57073E-10,3.65151E-09,1.04534E-09,2.78186E-10,1.27124E-12
0.01,1.20714E-08,1.07989E-08,1.21581E-08,4.65286E-10,3.79272E-09,1.09713E-09,2.91268E-10,1.67986E-12
0.02,1.22182E-08,1.09897E-08,1.24199E-08,4.76248E-10,3.92457E-09,1.1486E-09,3.04138E-10,1.66185E-12
0.03,1.24775E-08,1.11847E-08,1.2705E-08,4.89065E-10,4.07046E-09,1.19449E-09,3.19233E-10,1.6641E-12
0.04,1.27162E-08,1.14005E-08,1.29614E-08,5.00581E-10,4.2203E-09,1.25191E-09,3.34051E-10,1.70891E-12
0.05,1.28867E-08,1.1663E-08,1.31777E-08,5.15003E-10,4.37224E-09,1.30928E-09,3.50961E-10,1.56711E-12
0.06,1.30629E-08,1.18602E-08,1.34443E-08,5.28122E-10,4.53593E-09,1.36607E-09,3.69178E-10,1.71485E-12
0.07,1.31192E-08,1.21123E-08,1.37894E-08,5.4457E-10,4.71207E-09,1.43153E-09,3.86424E-10,1.92315E-12
0.08,1.32881E-08,1.23202E-08,1.40787E-08,5.58398E-10,4.86581E-09,1.49374E-09,4.02856E-10,1.9121E-12
0.09,1.34576E-08,1.24755E-08,1.4349E-08,5.71689E-10,5.02787E-09,1.55679E-09,4.18948E-10,1.91947E-12
0.1,1.3631E-08,1.2693E-08,1.4625E-08,5.86697E-10,5.19502E-09,1.61052E-09,4.36947E-10,2.147E-12
0.11,1.38194E-08,1.29083E-08,1.48386E-08,5.98666E-10,5.36441E-09,1.67669E-09,4.50468E-10,2.32624E-12
0.12,1.39389E-08,1.3146E-08,1.50891E-08,6.12083E-10,5.53511E-09,1.7422E-09,4.71579E-10,2.44963E-12
0.13,1.40909E-08,1.33503E-08,1.53784E-08,6.2755E-10,5.70063E-09,1.80941E-09,4.91912E-10,2.53393E-12
0.14,1.43204E-08,1.35433E-08,1.57516E-08,6.43978E-10,5.85035E-09,1.87859E-09,5.09604E-10,2.30108E-12
0.15,1.43888E-08,1.37583E-08,1.59975E-08,6.58737E-10,6.02249E-09,1.95435E-09,5.28941E-10,2.53127E-12
0.16,1.4571E-08,1.39473E-08,1.62386E-08,6.73691E-10,6.2029E-09,2.02821E-09,5.49598E-10,2.78704E-12
0.17,1.47542E-08,1.41652E-08,1.65614E-08,6.87953E-10,6.39869E-09,2.09305E-09,5.71775E-10,2.85068E-12
0.18,1.48817E-08,1.44647E-08,1.69457E-08,6.99457E-10,6.58128E-09,2.15941E-09,5.96358E-10,2.81282E-12
0.19,1.51425E-08,1.47131E-08,1.72362E-08,7.13714E-10,6.72413E-09,2.24342E-09,6.21698E-10,2.88751E-12
0.2,1.51805E-08,1.48929E-08,1.76381E-08,7.30078E-10,6.91349E-09,2.31588E-09,6.46387E-10,3.23372E-12
0.21,1.55111E-08,1.5119E-08,1.79368E-08,7.46857E-10,7.09832E-09,2.38551E-09,6.70394E-10,3.42545E-12
0.22,1.55656E-08,1.53964E-08,1.81255E-08,7.65461E-10,7.29019E-09,2.46758E-09,6.91666E-10,3.65933E-12
0.23,1.5687E-08,1.5558E-08,1.85326E-08,7.82163E-10,7.49011E-09,2.55105E-09,7.21368E-10,3.69022E-12
0.24,1.58605E-08,1.58963E-08,1.87518E-08,7.99469E-10,7.7267E-09,2.64126E-09,7.44557E-10,3.59242E-12
0.25,1.60032E-08,1.61257E-08,1.92136E-08,8.18466E-10,7.93448E-09,2.73491E-09,7.74606E-10,3.72624E-12
0.26,1.62477E-08,1.62691E-08,1.95935E-08,8.35862E-10,8.13777E-09,2.81862E-09,7.99142E-10,4.04892E-12
0.27,1.63469E-08,1.65857E-08,1.98165E-08,8.53092E-10,8.33615E-09,2.89525E-09,8.18487E-10,4.33784E-12
0.28,1.66723E-08,1.67634E-08,2.02235E-08,8.73413E-10,8.54416E-09,2.98555E-09,8.51166E-10,4.28996E-12
0.29,1.68027E-08,1.70073E-08,2.05882E-08,8.91217E-10,8.76497E-09,3.07839E-09,8.8248E-10,4.43094E-12
0.3,1.69054E-08,1.71885E-08,2.09244E-08,9.076E-10,8.99562E-09,3.18663E-09,9.09974E-10,4.47247E-12
0.31,1.72332E-08,1.74959E-08,2.11667E-08,9.17481E-10,9.22055E-09,3.27965E-09,9.44093E-10,4.79065E-12
0.32,1.73397E-08,1.76481E-08,2.14963E-08,9.35639E-10,9.4225E-09,3.37326E-09,9.78571E-10,5.14505E-12
0.33,1.74421E-08,1.8065E-08,2.18484E-08,9.54734E-10,9.64807E-09,3.45004E-09,1.0027E-09,5.15978E-12
0.34,1.7734E-08,1.82256E-08,2.22093E-08,9.72714E-10,9.87971E-09,3.55591E-09,1.03365E-09,5.32225E-12
0.35,1.77259E-08,1.85738E-08,2.25616E-08,9.90645E-10,1.01237E-08,3.65911E-09,1.06982E-09,5.37279E-12
0.36,1.78907E-08,1.87087E-08,2.30782E-08,1.00988E-09,1.03786E-08,3.76859E-09,1.11425E-09,5.80106E-12
0.37,1.80212E-08,1.89157E-08,2.34371E-08,1.0343E-09,1.06902E-08,3.88688E-09,1.14879E-09,5.94858E-12
0.38,1.82384E-08,1.92039E-08,2.3797E-08,1.05907E-09,1.09444E-08,4.00128E-09,1.18553E-09,6.25981E-12
0.39,1.84629E-08,1.94923E-08,2.40895E-08,1.07957E-09,1.11992E-08,4.11434E-09,1.21371E-09,6.47343E-12
0.4,1.87427E-08,1.96599E-08,2.4354E-08,1.10002E-09,1.14828E-08,4.21809E-09,1.25118E-09,6.58863E-12
0.41,1.8798E-08,2.00492E-08,2.48124E-08,1.1194E-09,1.17619E-08,4.30127E-09,1.29004E-09,7.03449E-12
0.42,1.91364E-08,2.03064E-08,2.51761E-08,1.13508E-09,1.20691E-08,4.42819E-09,1.33436E-09,7.2698E-12
0.43,1.90221E-08,2.05139E-08,2.55836E-08,1.15665E-09,1.23593E-08,4.54574E-09,1.37815E-09,7.58143E-12
0.44,1.91919E-08,2.07765E-08,2.59877E-08,1.18373E-09,1.26486E-08,4.67131E-09,1.42636E-09,7.78932E-12
0.45,1.93275E-08,2.10832E-08,2.62642E-08,1.20394E-09,1.29121E-08,4.80116E-09,1.4698E-09,7.94401E-12
0.46,1.96887E-08,2.13459E-08,2.65795E-08,1.22481E-09,1.31791E-08,4.9174E-09,1.5123E-09,8.307E-12
0.47,1.97179E-08,2.15725E-08,2.69409E-08,1.24755E-09,1.34582E-08,5.01853E-09,1.5503E-09,8.7942E-12
0.48,1.9858E-08,2.17165E-08,2.73151E-08,1.2599E-09,1.37713E-08,5.14935E-09,1.59473E-09,9.08885E-12
0.49,2.00978E-08,2.195E-08,2.77065E-08,1.27625E-09,1.41391E-08,5.28236E-09,1.64159E-09,9.17601E-12
0.5,2.03948E-08,2.22199E-08,2.82601E-08,1.29682E-09,1.44626E-08,5.41533E-09,1.69838E-09,9.52795E-12
0.51,2.0519E-08,2.24591E-08,2.86547E-08,1.31786E-09,1.47923E-08,5.58251E-09,1.74605E-09,9.86169E-12
0.52,2.07319E-08,2.27372E-08,2.89654E-08,1.34338E-09,1.50856E-08,5.72991E-09,1.78016E-09,1.0185E-11
0.53,2.08892E-08,2.31451E-08,2.9368E-08,1.36763E-09,1.53101E-08,5.84116E-09,1.83132E-09,1.04127E-11
0.54,2.10482E-08,2.33866E-08,2.98322E-08,1.38056E-09,1.57083E-08,5.93302E-09,1.87728E-09,1.06423E-11
0.55,2.12495E-08,2.36317E-08,3.02222E-08,1.40519E-09,1.6029E-08,6.12268E-09,1.92215E-09,1.1124E-11
0.56,2.14353E-08,2.36998E-08,3.06019E-08,1.42092E-09,1.62634E-08,6.26714E-09,1.94939E-09,1.15035E-11
0.57,2.17128E-08,2.40691E-08,3.09961E-08,1.45762E-09,1.65781E-08,6.41624E-09,2.01299E-09,1.20533E-11
0.58,2.18723E-08,2.42719E-08,3.124E-08,1.4798E-09,1.69857E-08,6.52921E-09,2.07843E-09,1.23318E-11
0.59,2.18866E-08,2.44793E-08,3.16344E-08,1.50322E-09,1.73236E-08,6.68402E-09,2.09274E-09,1.26676E-11
0.6,2.20502E-08,2.47168E-08,3.20159E-08,1.52414E-09,1.75264E-08,6.84584E-09,2.15362E-09,1.29977E-11
0.61,2.2254E-08,2.49289E-08,3.24506E-08,1.53947E-09,1.79555E-08,7.03691E-09,2.21761E-09,1.33072E-11
0.62,2.25075E-08,2.51428E-08,3.28509E-08,1.55588E-09,1.82597E-08,7.19175E-09,2.2499E-09,1.3649E-11
0.63,2.26261E-08,2.54205E-08,3.31336E-08,1.57151E-09,1.86129E-08,7.35265E-09,2.29341E-09,1.40668E-11
0.64,2.27759E-08,2.56638E-08,3.33879E-08,1.59353E-09,1.88684E-08,7.45583E-09,2.3446E-09,1.43815E-11
0.65,2.29022E-08,2.58911E-08,3.37234E-08,1.61473E-09,1.93192E-08,7.62111E-09,2.39824E-09,1.47956E-11
0.66,2.3137E-08,2.64078E-08,3.43013E-08,1.63525E-09,1.95789E-08,7.79142E-09,2.4514E-09,1.50082E-11
0.67,2.33111E-08,2.66804E-08,3.46892E-08,1.67288E-09,1.988E-08,7.95271E-09,2.50614E-09,1.53561E-11
0.68,2.35266E-08,2.69021E-08,3.50637E-08,1.6962E-09,2.01654E-08,8.1303E-09,2.55218E-09,1.58292E-11
0.69,2.36944E-08,2.71828E-08,3.54323E-08,1.71513E-09,2.04825E-08,8.31007E-09,2.59362E-09,1.63329E-11
0.7,2.38983E-08,2.74393E-08,3.56657E-08,1.73036E-09,2.08904E-08,8.46143E-09,2.6543E-09,1.6719E-11
0.71,2.42702E-08,2.76389E-08,3.59796E-08,1.74482E-09,2.12251E-08,8.61827E-09,2.68839E-09,1.68784E-11
0.72,2.4295E-08,2.78781E-08,3.63618E-08,1.76879E-09,2.15134E-08,8.74212E-09,2.7524E-09,1.71901E-11
0.73,2.43599E-08,2.81774E-08,3.68799E-08,1.79051E-09,2.18046E-08,8.89812E-09,2.79796E-09,1.75764E-11
0.74,2.4518E-08,2.8575E-08,3.72428E-08,1.81166E-09,2.21602E-08,9.04899E-09,2.83222E-09,1.80484E-11
0.75,2.47183E-08,2.87796E-08,3.75963E-08,1.83356E-09,2.24806E-08,9.19381E-09,2.87631E-09,1.82704E-11
0.76,2.51527E-08,2.90096E-08,3.7878E-08,1.85364E-09,2.27204E-08,9.34355E-09,2.92438E-09,1.84646E-11
0.77,2.53394E-08,2.92803E-08,3.81593E-08,1.86703E-09,2.2935E-08,9.50872E-09,2.96924E-09,1.89027E-11
0.78,2.55164E-08,2.94926E-08,3.85987E-08,1.87613E-09,2.3226E-08,9.63897E-09,3.02053E-09,1.93615E-11
0.79,2.5568E-08,2.96273E-08,3.89647E-08,1.89349E-09,2.35415E-08,9.739E-09,3.07881E-09,1.96144E-11
0.8,2.55648E-08,2.98843E-08,3.93248E-08,1.91763E-09,2.37904E-08,9.89273E-09,3.12425E-09,1.99759E-11
0.81,2.57851E-08,3.01601E-08,3.97276E-08,1.93884E-09,2.42313E-08,1.00281E-08,3.14911E-09,2.01484E-11
0.82,2.59228E-08,3.05746E-08,4.02276E-08,1.9653E-09,2.45903E-08,1.01817E-08,3.1956E-09,2.05595E-11
0.83,2.61107E-08,3.08613E-08,4.07316E-08,1.98545E-09,2.48462E-08,1.03473E-08,3.24962E-09,2.10745E-11
0.84,2.63628E-08,3.10929E-08,4.09882E-08,1.99872E-09,2.51494E-08,1.05246E-08,3.30753E-09,2.14224E-11
0.85,2.65388E-08,3.11421E-08,4.13198E-08,2.03073E-09,2.55366E-08,1.06389E-08,3.35177E-09,2.16851E-11
0.86,2.66493E-08,3.15393E-08,4.16766E-08,2.04925E-09,2.58322E-08,1.0775E-08,3.37757E-09,2.21565E-11
0.87,2.68613E-08,3.18558E-08,4.21285E-08,2.06964E-09,2.61081E-08,1.09322E-08,3.41868E-09,2.2088E-11
0.88,2.72462E-08,3.21903E-08,4.25401E-08,2.09714E-09,2.63138E-08,1.10638E-08,3.46664E-09,2.23241E-11
0.89,2.74431E-08,3.24604E-08,4.28668E-08,2.09132E-09,2.65419E-08,1.11273E-08,3.51095E-09,2.27573E-11
0.9,2.76002E-08,3.25983E-08,4.32168E-08,2.10784E-09,2.6879E-08,1.12728E-08,3.56244E-09,2.3019E-11
0.91,2.76827E-08,3.28163E-08,4.33825E-08,2.12514E-09,2.71694E-08,1.14364E-08,3.61009E-09,2.34094E-11
0.92,2.783E-08,3.30829E-08,4.37557E-08,2.1446E-09,2.75538E-08,1.16164E-08,3.65789E-09,2.38424E-11
0.93,2.80423E-08,3.33567E-08,4.41341E-08,2.1642E-09,2.79373E-08,1.16796E-08,3.68584E-09,2.42238E-11
0.94,2.82481E-08,3.36008E-08,4.46509E-08,2.19251E-09,2.81509E-08,1.17924E-08,3.71985E-09,2.43732E-11
0.95,2.84081E-08,3.40423E-08,4.49905E-08,2.22202E-09,2.84186E-08,1.19246E-08,3.76044E-09,2.48071E-11
0.96,2.87556E-08,3.43117E-08,4.51615E-08,2.24295E-09,2.86969E-08,1.19813E-08,3.80151E-09,2.5127E-11
0.97,2.90417E-08,3.45079E-08,4.54935E-08,2.26698E-09,2.89833E-08,1.2112E-08,3.86041E-09,2.55616E-11
0.98,2.9034E-08,3.47563E-08,4.58805E-08,2.28543E-09,2.92853E-08,1.22482E-08,3.88821E-09,2.58085E-11
0.99,2.9142E-08,3.50047E-08,4.64757E-08,2.29527E-09,2.94536E-08,1.23691E-08,3.90094E-09,2.59886E-11
1,2.93623E-08,3.5325E-08,4.69178E-08,2.3159E-09,2.96554E-08,1.24713E-08,3.93851E-09,2.60557E-11
1.01,2.95814E-08,3.54112E-08,4.73166E-08,2.33911E-09,2.99055E-08,1.2564E-08,3.97317E-09,2.64517E-11
1.02,2.97725E-08,3.5647E-08,4.74122E-08,2.36378E-09,3.01755E-08,1.27305E-08,4.01252E-09,2.67882E-11
1.03,2.95874E-08,3.59335E-08,4.76899E-08,2.38501E-09,3.05263E-08,1.28408E-08,4.05503E-09,2.72642E-11
1.04,2.9934E-08,3.63767E-08,4.80912E-08,2.40303E-09,3.08922E-08,1.29533E-08,4.09833E-09,2.75116E-11
1.05,3.01359E-08,3.66633E-08,4.87279E-08,2.41481E-09,3.10954E-08,1.30839E-08,4.14319E-09,2.76229E-11
1.06,3.04011E-08,3.69227E-08,4.91187E-08,2.41884E-09,3.13621E-08,1.31876E-08,4.16363E-09,2.79396E-11
1.07,3.07663E-08,3.71668E-08,4.949E-08,2.43427E-09,3.16512E-08,1.32998E-08,4.20811E-09,2.82813E-11
1.08,3.0818E-08,3.72578E-08,4.98647E-08,2.45062E-09,3.19449E-08,1.33797E-08,4.22081E-09,2.87078E-11
1.09,3.07717E-08,3.74843E-08,5.03833E-08,2.46915E-09,3.21979E-08,1.34131E-08,4.27679E-09,2.9045E-11
1.1,3.09064E-08,3.77272E-08,5.07329E-08,2.49017E-09,3.23961E-08,1.35189E-08,4.30624E-09,2.90235E-11
1.11,3.11318E-08,3.80664E-08,5.11058E-08,2.51882E-09,3.25511E-08,1.36414E-08,4.33361E-09,2.94155E-11
1.12,3.14427E-08,3.83566E-08,5.12757E-08,2.53747E-09,3.27602E-08,1.38018E-08,4.34512E-09,2.9541E-11
1.13,3.16518E-08,3.88497E-08,5.15671E-08,2.54704E-09,3.30337E-08,1.39904E-08,4.38176E-09,2.97679E-11
1.14,3.18037E-08,3.91845E-08,5.19866E-08,2.58308E-09,3.33129E-08,1.40481E-08,4.41652E-09,2.99119E-11
1.15,3.1869E-08,3.94519E-08,5.24149E-08,2.59454E-09,3.37452E-08,1.40593E-08,4.45811E-09,2.99688E-11
1.16,3.21114E-08,3.97063E-08,5.3034E-08,2.62664E-09,3.40158E-08,1.41935E-08,4.50502E-09,3.05372E-11
1.17,3.23061E-08,3.96652E-08,5.35226E-08,2.64765E-09,3.42318E-08,1.43142E-08,4.5441E-09,3.08757E-11
1.18,3.24956E-08,4.00777E-08,5.38895E-08,2.6584E-09,3.43875E-08,1.43849E-08,4.58178E-09,3.11679E-11
1.19,3.30072E-08,4.0338E-08,5.40271E-08,2.67451E-09,3.46169E-08,1.45722E-08,4.60409E-09,3.11945E-11
1.2,3.32681E-08,4.0535E-08,5.43986E-08,2.70576E-09,3.48848E-08,1.47095E-08,4.63577E-09,3.15065E-11
1.21,3.34522E-08,4.11838E-08,5.48849E-08,2.7204E-09,3.51639E-08,1.47124E-08,4.67918E-09,3.17181E-11
1.22,3.34157E-08,4.1492E-08,5.53081E-08,2.74247E-09,3.54715E-08,1.4856E-08,4.72239E-09,3.21768E-11
1.23,3.36395E-08,4.17021E-08,5.55841E-08,2.76118E-09,3.56805E-08,1.48777E-08,4.74016E-09,3.23248E-11
1.24,3.38184E-08,4.18363E-08,5.58572E-08,2.75868E-09,3.57483E-08,1.50382E-08,4.75668E-09,3.2147E-11
1.25,3.40856E-08,4.21452E-08,5.61552E-08,2.77232E-09,3.59662E-08,1.5002E-08,4.78756E-09,3.22394E-11
1.26,3.43105E-08,4.24037E-08,5.65246E-08,2.78449E-09,3.61576E-08,1.50581E-08,4.81248E-09,3.26141E-11
1.27,3.43561E-08,4.27055E-08,5.694E-08,2.80416E-09,3.65599E-08,1.50854E-08,4.84707E-09,3.30197E-11
1.28,3.45814E-08,4.32424E-08,5.73199E-08,2.82562E-09,3.68728E-08,1.52357E-08,4.89079E-09,3.29976E-11
1.29,3.48793E-08,4.35979E-08,5.79468E-08,2.85428E-09,3.70951E-08,1.53074E-08,4.92011E-09,3.32838E-11
1.3,3.51559E-08,4.36962E-08,5.84619E-08,2.87214E-09,3.72334E-08,1.53337E-08,4.93252E-09,3.36814E-11
1.31,3.53949E-08,4.39352E-08,5.87815E-08,2.89977E-09,3.74585E-08,1.54174E-08,4.96549E-09,3.39715E-11
1.32,3.58974E-08,4.43775E-08,5.91511E-08,2.91563E-09,3.77968E-08,1.55686E-08,5.01056E-09,3.42948E-11
1.33,3.60107E-08,4.46828E-08,5.95122E-08,2.93444E-09,3.79992E-08,1.56728E-08,5.05272E-09,3.43724E-11
1.34,3.60022E-08,4.49573E-08,5.99038E-08,2.95338E-09,3.81712E-08,1.57412E-08,5.07705E-09,3.45983E-11
1.35,3.6203E-08,4.50938E-08,6.04391E-08,2.96583E-09,3.81753E-08,1.58654E-08,5.10424E-09,3.47325E-11
1.36,3.64521E-08,4.52889E-08,6.09458E-08,2.96409E-09,3.84576E-08,1.5934E-08,5.10038E-09,3.50587E-11
1.37,3.67308E-08,4.56343E-08,6.13929E-08,2.97439E-09,3.86363E-08,1.60436E-08,5.13126E-09,3.51769E-11
1.38,3.69365E-08,4.59841E-08,6.16441E-08,2.99085E-09,3.88369E-08,1.61192E-08,5.16263E-09,3.51092E-11
1.39,3.70076E-08,4.63275E-08,6.17962E-08,3.00765E-09,3.91814E-08,1.62877E-08,5.19119E-09,3.52195E-11
1.4,3.703E-08,4.65953E-08,6.21644E-08,3.02718E-09,3.95027E-08,1.634E-08,5.23285E-09,3.53625E-11
1.41,3.72257E-08,4.67221E-08,6.25593E-08,3.06515E-09,3.96546E-08,1.63513E-08,5.26919E-09,3.56226E-11
1.42,3.76007E-08,4.71251E-08,6.30288E-08,3.08085E-09,3.9805E-08,1.64397E-08,5.29121E-09,3.62328E-11
1.43,3.79002E-08,4.74318E-08,6.35864E-08,3.09923E-09,3.9993E-08,1.64418E-08,5.3068E-09,3.61599E-11
1.44,3.80723E-08,4.76652E-08,6.39676E-08,3.11447E-09,4.0239E-08,1.64813E-08,5.33699E-09,3.63048E-11
1.45,3.81782E-08,4.79108E-08,6.4244E-08,3.11109E-09,4.04587E-08,1.66953E-08,5.35809E-09,3.64112E-11
1.46,3.82762E-08,4.82541E-08,6.44137E-08,3.12626E-09,4.06001E-08,1.66846E-08,5.4031E-09,3.67261E-11
1.47,3.86562E-08,4.87311E-08,6.47352E-08,3.1524E-09,4.06489E-08,1.68911E-08,5.44302E-09,3.71513E-11
1.48,3.89067E-08,4.89481E-08,6.49835E-08,3.17272E-09,4.07786E-08,1.68918E-08,5.45484E-09,3.7219E-11
1.49,3.91841E-08,4.91451E-08,6.49674E-08,3.18518E-09,4.09626E-08,1.70322E-08,5.46816E-09,3.70625E-11
1.5,3.94793E-08,4.95278E-08,6.60035E-08,3.205E-09,4.13246E-08,1.70387E-08,5.4896E-09,3.70426E-11
1.51,3.98399E-08,4.98963E-08,6.65203E-08,3.22509E-09,4.16128E-08,1.72228E-08,5.51912E-09,3.75041E-11
1.52,4.00605E-08,5.01504E-08,6.69005E-08,3.21949E-09,4.17315E-08,1.7325E-08,5.56764E-09,3.77664E-11
1.53,4.01655E-08,5.04259E-08,6.73703E-08,3.22799E-09,4.18952E-08,1.73939E-08,5.61758E-09,3.78212E-11
1.54,4.00383E-08,5.06131E-08,6.72796E-08,3.2444E-09,4.2192E-08,1.73731E-08,5.65281E-09,3.81467E-11
1.55,4.03046E-08,5.06827E-08,6.79228E-08,3.2695E-09,4.24665E-08,1.73251E-08,5.66422E-09,3.81594E-11
1.56,4.06946E-08,5.09569E-08,6.82685E-08,3.28801E-09,4.26354E-08,1.75454E-08,5.66513E-09,3.85895E-11
1.57,4.11696E-08,5.12767E-08,6.86536E-08,3.3085E-09,4.26956E-08,1.76111E-08,5.6934E-09,3.89259E-11
1.58,4.14978E-08,5.1713E-08,6.92417E-08,3.32772E-09,4.28871E-08,1.7671E-08,5.74211E-09,3.91833E-11
1.59,4.15982E-08,5.21569E-08,6.9671E-08,3.33022E-09,4.3106E-08,1.76014E-08,5.76939E-09,3.91138E-11
1.6,4.13591E-08,5.2386E-08,6.97556E-08,3.363E-09,4.34891E-08,1.76455E-08,5.80021E-09,3.90855E-11
1.61,4.15714E-08,5.25303E-08,7.004E-08,3.39644E-09,4.37636E-08,1.78281E-08,5.78645E-09,3.9231E-11
1.62,4.18799E-08,5.27743E-08,7.04494E-08,3.41066E-09,4.40453E-08,1.78399E-08,5.80537E-09,3.93857E-11
1.63,4.22505E-08,5.29763E-08,7.08133E-08,3.42839E-09,4.41318E-08,1.78914E-08,5.83925E-09,3.95936E-11
1.64,4.27232E-08,5.31939E-08,7.12033E-08,3.44218E-09,4.42985E-08,1.81274E-08,5.8712E-09,3.96065E-11
1.65,4.29081E-08,5.35818E-08,7.20325E-08,3.43147E-09,4.44101E-08,1.81607E-08,5.90373E-09,3.956E-11
1.66,4.31711E-08,5.42183E-08,7.23514E-08,3.44276E-09,4.45999E-08,1.82845E-08,5.93962E-09,3.99654E-11
1.67,4.29055E-08,5.44579E-08,7.26781E-08,3.46341E-09,4.49351E-08,1.82735E-08,5.95935E-09,4.0277E-11
1.68,4.31609E-08,5.45483E-08,7.31561E-08,3.48103E-09,4.51239E-08,1.85586E-08,5.96188E-09,4.03791E-11
1.69,4.33078E-08,5.48608E-08,7.37156E-08,3.49782E-09,4.53228E-08,1.84189E-08,5.98804E-09,4.03122E-11
1.7,4.35089E-08,5.53044E-08,7.4095E-08,3.51647E-09,4.54155E-08,1.85624E-08,6.00614E-09,4.0639E-11
1.71,4.36942E-08,5.58322E-08,7.45622E-08,3.54337E-09,4.5516E-08,1.85473E-08,6.03967E-09,4.08948E-11
1.72,4.40002E-08,5.61821E-08,7.49646E-08,3.57487E-09,4.56766E-08,1.87035E-08,6.06709E-09,4.12786E-11
1.73,4.42794E-08,5.64915E-08,7.50303E-08,3.58777E-09,4.58594E-08,1.8645E-08,6.07881E-09,4.13633E-11
1.74,4.45045E-08,5.64918E-08,7.53967E-08,3.60528E-09,4.60404E-08,1.87017E-08,6.07126E-09,4.12823E-11
1.75,4.46246E-08,5.65849E-08,7.58969E-08,3.62273E-09,4.63306E-08,1.89224E-08,6.09038E-09,4.11002E-11
1.76,4.48423E-08,5.71629E-08,7.65174E-08,3.62325E-09,4.67034E-08,1.89675E-08,6.11087E-09,4.12819E-11
1.77,4.54033E-08,5.78574E-08,7.6958E-08,3.63825E-09,4.68438E-08,1.89847E-08,6.1903E-09,4.14703E-11
1.78,4.56456E-08,5.81686E-08,7.71919E-08,3.66947E-09,4.6947E-08,1.91675E-08,6.22172E-09,4.16836E-11
1.79,4.57901E-08,5.85372E-08,7.73776E-08,3.69123E-09,4.71521E-08,1.92061E-08,6.24423E-09,4.16588E-11
1.8,4.57635E-08,5.87597E-08,7.78009E-08,3.70672E-09,4.74332E-08,1.92434E-08,6.28575E-09,4.19252E-11
1.81,4.61585E-08,5.87485E-08,7.81907E-08,3.72123E-09,4.77919E-08,1.92278E-08,6.31629E-09,4.21178E-11
1.82,4.63531E-08,5.91504E-08,7.8944E-08,3.73337E-09,4.79531E-08,1.9452E-08,6.33744E-09,4.21012E-11
1.83,4.66025E-08,5.94957E-08,7.93625E-08,3.72561E-09,4.80666E-08,1.92675E-08,6.34829E-09,4.22571E-11
1.84,4.68614E-08,5.98771E-08,7.98302E-08,3.72864E-09,4.80663E-08,1.93559E-08,6.37442E-09,4.24218E-11
1.85,4.71106E-08,6.01216E-08,8.02791E-08,3.74607E-09,4.82153E-08,1.95603E-08,6.40306E-09,4.25628E-11
1.86,4.77045E-08,6.02288E-08,8.02786E-08,3.76369E-09,4.83866E-08,1.95105E-08,6.45058E-09,4.27637E-11
1.87,4.75829E-08,6.05674E-08,8.05625E-08,3.79114E-09,4.85748E-08,1.97325E-08,6.4712E-09,4.25468E-11
1.88,4.77262E-08,6.08626E-08,8.09329E-08,3.81166E-09,4.90047E-08,1.97243E-08,6.47043E-09,4.26596E-11
1.89,4.79791E-08,6.11812E-08,8.1756E-08,3.83242E-09,4.92443E-08,1.98159E-08,6.4683E-09,4.2783E-11
1.9,4.82723E-08,6.17356E-08,8.20643E-08,3.86346E-09,4.92833E-08,1.99364E-08,6.44461E-09,4.28491E-11
1.91,4.84405E-08,6.20711E-08,8.2564E-08,3.8795E-09,4.9418E-08,1.99063E-08,6.48814E-09,4.29808E-11
1.92,4.84504E-08,6.21384E-08,8.27029E-08,3.89521E-09,4.95762E-08,2.00129E-08,6.525E-09,4.3086E-11
1.93,4.87143E-08,6.24943E-08,8.29696E-08,3.92281E-09,4.97906E-08,2.01468E-08,6.5543E-09,4.33123E-11
1.94,4.9272E-08,6.29906E-08,8.34199E-08,3.94102E-09,5.00115E-08,2.02346E-08,6.55217E-09,4.36851E-11
1.95,4.94717E-08,6.34443E-08,8.38766E-08,3.95707E-09,5.00902E-08,2.02075E-08,6.56637E-09,4.38308E-11
1.96,4.93292E-08,6.36955E-08,8.4345E-08,3.94403E-09,5.00934E-08,2.02888E-08,6.59278E-09,4.42044E-11
1.97,4.97701E-08,6.39514E-08,8.47266E-08,3.94972E-09,5.02098E-08,2.03881E-08,6.63413E-09,4.43358E-11
1.98,4.97065E-08,6.40731E-08,8.54104E-08,3.96694E-09,5.03613E-08,2.05098E-08,6.66241E-09,4.44142E-11
1.99,5.00393E-08,6.44096E-08,8.58897E-08,3.98099E-09,5.06611E-08,2.05824E-08,6.67688E-09,4.43049E-11
2,5.02815E-08,6.48928E-08,8.62158E-08,3.9989E-09,5.10484E-08,2.05382E-08,6.66311E-09,4.42589E-11
2.01,5.05356E-08,6.52633E-08,8.67247E-08,4.015E-09,5.11305E-08,2.05846E-08,6.7129E-09,4.43391E-11
2.02,5.10113E-08,6.5437E-08,8.73018E-08,4.04711E-09,5.08235E-08,2.06559E-08,6.73028E-09,4.45588E-11
2.03,5.13703E-08,6.55836E-08,8.76452E-08,4.08205E-09,5.13733E-08,2.0764E-08,6.76459E-09,4.45257E-11
2.04,5.16216E-08,6.58649E-08,8.79749E-08,4.09695E-09,5.16904E-08,2.09168E-08,6.82078E-09,4.4707E-11
2.05,5.18305E-08,6.61529E-08,8.83172E-08,4.11691E-09,5.19158E-08,2.10041E-08,6.85379E-09,4.4927E-11
2.06,5.14988E-08,6.64855E-08,8.83196E-08,4.13345E-09,5.20212E-08,2.10536E-08,6.87116E-09,4.49454E-11
2.07,5.18314E-08,6.71777E-08,8.86082E-08,4.13585E-09,5.19706E-08,2.10234E-08,6.88722E-09,4.55586E-11
2.08,5.20947E-08,6.74981E-08,8.90487E-08,4.15086E-09,5.20859E-08,2.08458E-08,6.92129E-09,4.548E-11
2.09,5.2388E-08,6.7779E-08,8.94233E-08,4.17948E-09,5.22205E-08,2.10393E-08,6.93952E-09,4.55514E-11
2.1,5.27439E-08,6.79229E-08,8.99456E-08,4.20089E-09,5.24842E-08,2.11049E-08,6.96868E-09,4.5808E-11
2.11,5.30256E-08,6.78279E-08,9.0478E-08,4.21477E-09,5.29245E-08,2.11111E-08,7.01137E-09,4.59324E-11
2.12,5.30069E-08,6.83593E-08,9.07799E-08,4.23353E-09,5.32017E-08,2.11091E-08,7.00192E-09,4.5992E-11
2.13,5.33235E-08,6.8595E-08,9.0723E-08,4.23679E-09,5.3263E-08,2.1223E-08,7.02958E-09,4.61455E-11
2.14,5.36624E-08,6.89602E-08,9.10189E-08,4.23115E-09,5.34269E-08,2.13109E-08,7.06223E-09,4.58504E-11
2.15,5.39385E-08,6.92588E-08,9.15955E-08,4.24574E-09,5.35893E-08,2.14766E-08,7.08947E-09,4.60028E-11
2.16,5.41957E-08,6.92319E-08,9.23366E-08,4.25664E-09,5.37441E-08,2.15399E-08,7.11881E-09,4.61819E-11
2.17,5.45256E-08,6.93996E-08,9.2628E-08,4.27529E-09,5.40346E-08,2.15161E-08,7.1669E-09,4.63302E-11
2.18,5.50899E-08,6.97663E-08,9.24414E-08,4.30931E-09,5.42111E-08,2.15681E-08,7.18296E-09,4.62467E-11
2.19,5.48448E-08,7.00427E-08,9.27758E-08,4.32982E-09,5.41748E-08,2.16087E-08,7.17434E-09,4.62688E-11
2.2,5.51163E-08,7.04821E-08,9.31557E-08,4.33847E-09,5.43839E-08,2.17974E-08,7.19824E-09,4.67296E-11
2.21,5.54219E-08,7.11382E-08,9.36524E-08,4.35678E-09,5.4584E-08,2.18675E-08,7.22845E-09,4.70347E-11
2.22,5.57407E-08,7.12772E-08,9.42296E-08,4.39669E-09,5.499E-08,2.18103E-08,7.27113E-09,4.70765E-11
2.23,5.58292E-08,7.1522E-08,9.50927E-08,4.41344E-09,5.5341E-08,2.17837E-08,7.29606E-09,4.67951E-11
2.24,5.59291E-08,7.19252E-08,9.52223E-08,4.43775E-09,5.53808E-08,2.18508E-08,7.28636E-09,4.67992E-11
2.25,5.61635E-08,7.23278E-08,9.54259E-08,4.43652E-09,5.54861E-08,2.19399E-08,7.29102E-09,4.72714E-11
2.26,5.67208E-08,7.23594E-08,9.58361E-08,4.46232E-09,5.57576E-08,2.20744E-08,7.32462E-09,4.78135E-11
2.27,5.70484E-08,7.2757E-08,9.6265E-08,4.46955E-09,5.60171E-08,2.21833E-08,7.33985E-09,4.77756E-11
2.28,5.72679E-08,7.34403E-08,9.69549E-08,4.45564E-09,5.61494E-08,2.22354E-08,7.37751E-09,4.73316E-11
2.29,5.73913E-08,7.37546E-08,9.68619E-08,4.47241E-09,5.63214E-08,2.22133E-08,7.43132E-09,4.70687E-11
2.3,5.73075E-08,7.40728E-08,9.73109E-08,4.48681E-09,5.6249E-08,2.22091E-08,7.4465E-09,4.74935E-11
2.31,5.76942E-08,7.45802E-08,9.78697E-08,4.50268E-09,5.63249E-08,2.22635E-08,7.49531E-09,4.76128E-11
2.32,5.79452E-08,7.49349E-08,9.86618E-08,4.54252E-09,5.65165E-08,2.23463E-08,7.50197E-09,4.76341E-11
2.33,5.82393E-08,7.4985E-08,9.91686E-08,4.57417E-09,5.66809E-08,2.24681E-08,7.51523E-09,4.79563E-11
2.34,5.87323E-08,7.5256E-08,9.9336E-08,4.57419E-09,5.71775E-08,2.24736E-08,7.52581E-09,4.78884E-11
2.35,5.92524E-08,7.56329E-08,9.94006E-08,4.60141E-09,5.74957E-08,2.24565E-08,7.55194E-09,4.82311E-11
2.36,5.94596E-08,7.59624E-08,9.99554E-08,4.63156E-09,5.77215E-08,2.25499E-08,7.59252E-09,4.84891E-11
2.37,5.96157E-08,7.66635E-08,1.00515E-07,4.63807E-09,5.7857E-08,2.26394E-08,7.60314E-09,4.85434E-11
2.38,5.92129E-08,7.68559E-08,1.01101E-07,4.65449E-09,5.78824E-08,2.27459E-08,7.59526E-09,4.83295E-11
2.39,5.95554E-08,7.70413E-08,1.0138E-07,4.66246E-09,5.80881E-08,2.28639E-08,7.60902E-09,4.81262E-11
2.4,5.97599E-08,7.70975E-08,1.01142E-07,4.66388E-09,5.82951E-08,2.30283E-08,7.62263E-09,4.81343E-11
2.41,6.00287E-08,7.74136E-08,1.01249E-07,4.68707E-09,5.85514E-08,2.30449E-08,7.64045E-09,4.85609E-11
2.42,6.04241E-08,7.77256E-08,1.016E-07,4.71557E-09,5.88477E-08,2.30546E-08,7.67833E-09,4.85675E-11
2.43,6.07213E-08,7.80819E-08,1.0208E-07,4.74547E-09,5.89228E-08,2.31171E-08,7.70603E-09,4.87404E-11
2.44,6.06487E-08,7.84906E-08,1.02697E-07,4.76126E-09,5.89085E-08,2.32654E-08,7.73385E-09,4.88159E-11
2.45,6.1002E-08,7.85672E-08,1.03503E-07,4.74956E-09,5.90245E-08,2.33366E-08,7.72833E-09,4.90283E-11
2.46,6.12902E-08,7.87576E-08,1.03834E-07,4.73656E-09,5.91892E-08,2.33816E-08,7.74937E-09,4.92614E-11
2.47,6.15845E-08,7.90389E-08,1.04186E-07,4.75313E-09,5.93355E-08,2.32814E-08,7.76795E-09,4.89458E-11
2.48,6.17336E-08,7.92909E-08,1.04195E-07,4.76939E-09,5.96122E-08,2.33027E-08,7.81147E-09,4.89369E-11
2.49,6.24955E-08,7.96924E-08,1.04457E-07,4.78461E-09,6.00409E-08,2.34028E-08,7.82373E-09,4.89689E-11
2.5,6.2387E-08,8.04463E-08,1.04903E-07,4.82513E-09,6.00859E-08,2.35962E-08,7.79632E-09,4.9139E-11
2.51,6.22596E-08,8.07017E-08,1.05518E-07,4.83947E-09,6.02335E-08,2.36562E-08,7.80451E-09,4.95094E-11
2.52,6.24942E-08,8.07359E-08,1.05774E-07,4.85061E-09,6.04353E-08,2.35468E-08,7.76719E-09,4.95701E-11
2.53,6.29037E-08,8.11863E-08,1.05873E-07,4.85041E-09,6.05735E-08,2.36144E-08,7.80487E-09,4.94314E-11
2.54,6.3292E-08,8.17146E-08,1.06022E-07,4.89665E-09,6.05392E-08,2.36834E-08,7.85505E-09,4.94494E-11
2.55,6.34694E-08,8.18985E-08,1.06542E-07,4.92088E-09,6.07409E-08,2.37643E-08,7.8717E-09,5.00027E-11
2.56,6.33086E-08,8.19871E-08,1.06872E-07,4.93437E-09,6.09824E-08,2.38357E-08,7.87488E-09,5.02204E-11
2.57,6.3568E-08,8.22396E-08,1.07131E-07,4.96784E-09,6.13049E-08,2.38912E-08,7.89902E-09,5.02427E-11
2.58,6.37678E-08,8.30661E-08,1.0783E-07,4.9806E-09,6.13904E-08,2.38795E-08,7.92686E-09,5.02069E-11
2.59,6.39884E-08,8.33434E-08,1.08634E-07,4.96702E-09,6.14437E-08,2.40437E-08,7.975E-09,5.0212E-11
2.6,6.41188E-08,8.36212E-08,1.08742E-07,4.96637E-09,6.13222E-08,2.40991E-08,7.99083E-09,5.06556E-11
2.61,6.44914E-08,8.38354E-08,1.09155E-07,4.9812E-09,6.13587E-08,2.4226E-08,8.00643E-09,5.06116E-11
2.62,6.47768E-08,8.3641E-08,1.09576E-07,4.99769E-09,6.15358E-08,2.43045E-08,7.98422E-09,5.07273E-11
2.63,6.50312E-08,8.37886E-08,1.09889E-07,5.01587E-09,6.17366E-08,2.43484E-08,8.00069E-09,5.03147E-11
2.64,6.52991E-08,8.40618E-08,1.09849E-07,5.06857E-09,6.19617E-08,2.4411E-08,8.01652E-09,5.02732E-11
2.65,6.55699E-08,8.44166E-08,1.10216E-07,5.09753E-09,6.24791E-08,2.43081E-08,8.05139E-09,5.05691E-11
2.66,6.61352E-08,8.4939E-08,1.11062E-07,5.10618E-09,6.2678E-08,2.43867E-08,8.09739E-09,5.08492E-11
2.67,6.66271E-08,8.56743E-08,1.11449E-07,5.11604E-09,6.28282E-08,2.45434E-08,8.12889E-09,5.08999E-11
2.68,6.66167E-08,8.58928E-08,1.1183E-07,5.13858E-09,6.29524E-08,2.46702E-08,8.14872E-09,5.09646E-11
2.69,6.63215E-08,8.60812E-08,1.12059E-07,5.16511E-09,6.3183E-08,2.47321E-08,8.14057E-09,5.09685E-11
2.7,6.65519E-08,8.5976E-08,1.11949E-07,5.17325E-09,6.33533E-08,2.46947E-08,8.17125E-09,5.11946E-11
2.71,6.68267E-08,8.60732E-08,1.12135E-07,5.18562E-09,6.36643E-08,2.46335E-08,8.18658E-09,5.14068E-11
2.72,6.70735E-08,8.6283E-08,1.12532E-07,5.20438E-09,6.38005E-08,2.47155E-08,8.2134E-09,5.14684E-11
2.73,6.76812E-08,8.67036E-08,1.13029E-07,5.19094E-09,6.3833E-08,2.4757E-08,8.26782E-09,5.1399E-11
2.74,6.79736E-08,8.71927E-08,1.13834E-07,5.19331E-09,6.37933E-08,2.48251E-08,8.26826E-09,5.17092E-11
2.75,6.81689E-08,8.73139E-08,1.14254E-07,5.2021E-09,6.39527E-08,2.49062E-08,8.24041E-09,5.20161E-11
2.76,6.80421E-08,8.74192E-08,1.14346E-07,5.23051E-09,6.41348E-08,2.50211E-08,8.25335E-09,5.21094E-11
2.77,6.83124E-08,8.75873E-08,1.14315E-07,5.24613E-09,6.43431E-08,2.51092E-08,8.26841E-09,5.18719E-11
2.78,6.86132E-08,8.79075E-08,1.15023E-07,5.26616E-09,6.46689E-08,2.51365E-08,8.29119E-09,5.13871E-11
2.79,6.88771E-08,8.82094E-08,1.15403E-07,5.29196E-09,6.50198E-08,2.50103E-08,8.34386E-09,5.16392E-11
2.8,6.95878E-08,8.88696E-08,1.15884E-07,5.30418E-09,6.50875E-08,2.51124E-08,8.3664E-09,5.18575E-11
2.81,6.98034E-08,8.94098E-08,1.1652E-07,5.28892E-09,6.52438E-08,2.51731E-08,8.36679E-09,5.19157E-11
2.82,6.9938E-08,8.94228E-08,1.16594E-07,5.33538E-09,6.55217E-08,2.52188E-08,8.37376E-09,5.18567E-11
2.83,6.98922E-08,8.98314E-08,1.16437E-07,5.34795E-09,6.57952E-08,2.53467E-08,8.3937E-09,5.19644E-11
2.84,6.951E-08,9.01522E-08,1.16788E-07,5.36925E-09,6.58869E-08,2.53991E-08,8.43048E-09,5.23102E-11
2.85,6.98132E-08,9.02867E-08,1.17108E-07,5.38923E-09,6.58175E-08,2.54098E-08,8.46447E-09,5.24104E-11
2.86,6.99965E-08,9.01773E-08,1.17566E-07,5.42284E-09,6.58803E-08,2.54619E-08,8.48635E-09,5.26523E-11
2.87,7.01858E-08,9.07503E-08,1.18687E-07,5.43405E-09,6.58576E-08,2.54997E-08,8.44756E-09,5.25469E-11
2.88,7.05626E-08,9.15926E-08,1.18797E-07,5.41255E-09,6.61973E-08,2.54482E-08,8.47474E-09,5.24391E-11
2.89,7.0794E-08,9.19813E-08,1.19169E-07,5.42003E-09,6.6654E-08,2.54932E-08,8.49501E-09,5.27059E-11
2.9,7.06502E-08,9.2353E-08,1.19806E-07,5.43368E-09,6.68492E-08,2.55736E-08,8.52455E-09,5.25561E-11
2.91,7.09789E-08,9.26142E-08,1.20386E-07,5.44725E-09,6.68465E-08,2.56413E-08,8.59184E-09,5.28759E-11
2.92,7.12228E-08,9.23289E-08,1.20682E-07,5.46815E-09,6.68791E-08,2.57804E-08,8.6273E-09,5.28194E-11
2.93,7.14787E-08,9.24836E-08,1.20963E-07,5.48575E-09,6.70313E-08,2.5799E-08,8.64711E-09,5.26157E-11
2.94,7.17166E-08,9.31327E-08,1.20774E-07,5.51716E-09,6.72592E-08,2.57267E-08,8.62458E-09,5.29868E-11
2.95,7.20514E-08,9.37805E-08,1.21106E-07,5.56357E-09,6.74176E-08,2.58073E-08,8.63514E-09,5.3259E-11
2.96,7.2763E-08,9.4021E-08,1.21335E-07,5.57624E-09,6.73884E-08,2.58538E-08,8.64499E-09,5.31792E-11
2.97,7.2358E-08,9.369E-08,1.21874E-07,5.59156E-09,6.73239E-08,2.59029E-08,8.68372E-09,5.28984E-11
2.98,7.24863E-08,9.38331E-08,1.22778E-07,5.60722E-09,6.73959E-08,2.59621E-08,8.70905E-09,5.28665E-11
2.99,7.28136E-08,9.44599E-08,1.23258E-07,5.61756E-09,6.75297E-08,2.61262E-08,8.69705E-09,5.31235E-11
3,7.33257E-08,9.47962E-08,1.22624E-07,5.6133E-09,6.76967E-08,2.619E-08,8.68395E-09,5.32403E-11
