0,3.99E-15,-4.47E-14,4.34E-13,-3.02E-14,-1.60E-20
0.1,-2.76E-14,-1.79E-14,7.80E-14,1.03E-13,-3.20E-20
0.2,-5.70E-14,-6.48E-14,6.58E-14,9.39E-14,-4.81E-20
0.3,1.00E-14,-4.61E-14,-4.79E-14,7.14E-14,-6.41E-20
0.4,-3.67E-14,-4.97E-14,3.40E-14,6.76E-14,-8.01E-20
0.5,-4.87E-14,-9.20E-14,-3.63E-14,6.52E-14,-9.61E-20
0.6,-3.50E-14,-6.00E-14,2.41E-14,7.40E-14,-1.12E-19
0.7,-2.68E-14,-9.94E-14,-3.18E-14,2.18E-15,-1.28E-19
0.8,-4.05E-14,-4.46E-15,-5.32E-14,8.69E-14,-1.44E-19
0.9,-2.88E-14,-9.94E-14,-1.09E-14,2.69E-14,-1.60E-19
1,-1.63E-14,-2.70E-14,-8.89E-15,3.80E-14,-1.76E-19
1.1,7.38E-14,-3.10E-14,-3.06E-15,-3.08E-14,-1.92E-19
1.2,1.17E-15,-7.25E-14,-2.50E-14,-1.13E-14,-2.08E-19
1.3,3.53E-13,-5.15E-14,4.97E-14,5.61E-14,-2.24E-19
1.4,-4.41E-14,-1.15E-13,-4.51E-14,6.00E-15,-2.40E-19
1.5,-6.10E-14,-6.16E-14,5.09E-14,6.41E-14,-2.56E-19
1.6,-7.57E-14,-2.02E-14,-2.66E-14,4.74E-14,-2.72E-19
1.7,-1.20E-13,-7.13E-14,9.84E-14,6.80E-14,-2.88E-19
1.8,-1.16E-13,-4.05E-14,-4.17E-14,1.33E-13,-3.04E-19
1.9,-1.92E-13,1.89E-14,9.73E-14,7.41E-15,-3.20E-19
2,-2.49E-13,-1.10E-13,8.45E-14,2.92E-13,-3.36E-19
2.1,-3.73E-13,-1.13E-13,5.51E-14,1.61E-14,-3.52E-19
2.2,-5.34E-13,-1.51E-13,1.59E-14,1.95E-13,-3.68E-19
2.3,-5.80E-13,-1.96E-13,1.45E-14,-1.29E-14,-3.84E-19
2.4,-8.28E-13,-2.35E-13,1.50E-13,2.86E-13,-4.01E-19
2.5,-1.04E-12,-3.12E-13,-2.06E-13,3.90E-14,-4.17E-19
2.6,-1.37E-12,-4.58E-13,1.05E-13,-2.58E-13,-4.33E-19
2.7,-1.67E-12,-5.72E-13,1.61E-13,4.79E-15,-4.49E-19
2.8,-2.06E-12,-7.84E-13,-3.07E-13,2.12E-13,-4.65E-19
2.9,-2.57E-12,-9.52E-13,-3.65E-13,-1.91E-13,-4.81E-19
3,-3.14E-12,-1.18E-12,-5.01E-13,-1.50E-13,-4.97E-19
3.1,-3.86E-12,-1.44E-12,-5.49E-13,-2.25E-13,-5.13E-19
3.2,-4.68E-12,-1.76E-12,-7.34E-13,3.82E-14,-5.29E-19
3.3,-5.73E-12,-2.11E-12,-3.72E-13,-2.34E-13,-5.45E-19
3.4,-6.79E-12,-2.54E-12,-1.37E-12,4.81E-14,-5.61E-19
3.5,-6.77E-12,-3.02E-12,-1.50E-12,-6.85E-13,-5.77E-19
3.6,-9.55E-12,-3.61E-12,-1.51E-12,-1.13E-14,-5.93E-19
3.7,-1.12E-11,-4.26E-12,-1.92E-12,-8.51E-14,-6.09E-19
3.8,-1.32E-11,-4.96E-12,-2.89E-12,-3.61E-13,-6.25E-19
3.9,-1.53E-11,-5.90E-12,-2.84E-12,-9.25E-13,-6.41E-19
4,-1.78E-11,-6.89E-12,-3.74E-12,-1.29E-12,-6.57E-19
4.1,-2.05E-11,-8.05E-12,-3.99E-12,-1.06E-12,-6.73E-19
4.2,-2.37E-11,-9.26E-12,-4.46E-12,-7.94E-13,-6.89E-19
4.3,-2.72E-11,-1.08E-11,-5.56E-12,-1.70E-12,-7.05E-19
4.4,-3.12E-11,-1.24E-11,-6.43E-12,-2.33E-12,-7.21E-19
4.5,-3.56E-11,-1.41E-11,-7.06E-12,-1.54E-12,-7.37E-19
4.6,-4.05E-11,-1.61E-11,-7.84E-12,-1.31E-12,-7.53E-19
4.7,-4.61E-11,-1.83E-11,-8.75E-12,-2.65E-12,-7.69E-19
4.8,-5.21E-11,-2.08E-11,-9.86E-12,-2.89E-12,-7.85E-19
4.9,-5.88E-11,-2.34E-11,-1.14E-11,-3.87E-12,-8.01E-19
5,-6.62E-11,-2.68E-11,-1.28E-11,-4.41E-12,-8.17E-19
5.1,-7.44E-11,-3.01E-11,-1.53E-11,-5.46E-12,-8.33E-19
5.2,-8.34E-11,-3.34E-11,-1.66E-11,-5.55E-12,-8.49E-19
5.3,-9.32E-11,-3.79E-11,-1.74E-11,-5.81E-12,-8.65E-19
5.4,-1.04E-10,-4.27E-11,-2.08E-11,-7.64E-12,-8.81E-19
5.5,-1.15E-10,-4.76E-11,-2.18E-11,-7.46E-12,-8.97E-19
5.6,-1.28E-10,-5.22E-11,-2.52E-11,-8.90E-12,-9.13E-19
5.7,-1.42E-10,-5.84E-11,-2.75E-11,-9.46E-12,-9.29E-19
5.8,-1.57E-10,-6.54E-11,-3.03E-11,-1.19E-11,-9.45E-19
5.9,-1.73E-10,-7.20E-11,-3.36E-11,-1.16E-11,-9.61E-19
6,-1.91E-10,-8.01E-11,-3.71E-11,-1.09E-11,-9.77E-19
6.1,-2.10E-10,-8.66E-11,-4.05E-11,-1.46E-11,-9.93E-19
6.2,-2.30E-10,-9.63E-11,-4.47E-11,-1.51E-11,-1.01E-18
6.3,-2.51E-10,-1.05E-10,-4.94E-11,-1.66E-11,-1.03E-18
6.4,-2.73E-10,-1.14E-10,-5.32E-11,-1.93E-11,-1.04E-18
6.5,-2.96E-10,-1.23E-10,-5.77E-11,-1.98E-11,-1.06E-18
6.6,-3.17E-10,-1.33E-10,-6.23E-11,-2.09E-11,-1.07E-18
6.7,-3.39E-10,-1.41E-10,-6.68E-11,-2.35E-11,-1.09E-18
6.8,-3.60E-10,-1.51E-10,-7.28E-11,-2.52E-11,-1.11E-18
6.9,-3.79E-10,-1.61E-10,-7.85E-11,-2.78E-11,-1.12E-18
7,-3.97E-10,-1.70E-10,-8.35E-11,-2.97E-11,-1.14E-18
7.1,-4.14E-10,-1.79E-10,-8.85E-11,-3.21E-11,-1.15E-18
7.2,-4.26E-10,-1.87E-10,-9.46E-11,-3.44E-11,-1.17E-18
7.3,-4.41E-10,-1.96E-10,-1.00E-10,-3.71E-11,-1.19E-18
7.4,-4.51E-10,-2.04E-10,-1.07E-10,-4.07E-11,-1.20E-18
7.5,-4.58E-10,-2.11E-10,-1.12E-10,-4.40E-11,-1.22E-18
7.6,-4.64E-10,-2.18E-10,-1.19E-10,-4.68E-11,-1.23E-18
7.7,-4.69E-10,-2.24E-10,-1.25E-10,-4.95E-11,-1.25E-18
7.8,-4.71E-10,-2.30E-10,-1.32E-10,-5.28E-11,-1.27E-18
7.9,-4.72E-10,-2.36E-10,-1.37E-10,-5.60E-11,-1.28E-18
8,-4.72E-10,-2.41E-10,-1.43E-10,-5.97E-11,-1.30E-18
8.1,-4.71E-10,-2.44E-10,-1.48E-10,-6.42E-11,-1.31E-18
8.2,-4.70E-10,-2.48E-10,-1.56E-10,-6.84E-11,-1.33E-18
8.3,-4.69E-10,-2.52E-10,-1.62E-10,-7.12E-11,-1.35E-18
8.4,-4.68E-10,-2.55E-10,-1.66E-10,-7.49E-11,-1.36E-18
8.5,-4.66E-10,-2.58E-10,-1.69E-10,-7.80E-11,-1.38E-18
8.6,-4.66E-10,-2.61E-10,-1.75E-10,-8.35E-11,-1.39E-18
8.7,-4.67E-10,-2.64E-10,-1.83E-10,-8.94E-11,-1.41E-18
8.8,-4.70E-10,-2.67E-10,-1.85E-10,-9.26E-11,-1.43E-18
8.9,-4.74E-10,-2.70E-10,-1.88E-10,-9.70E-11,-1.44E-18
9,-4.80E-10,-2.73E-10,-1.93E-10,-1.01E-10,-1.46E-18
9.1,-4.89E-10,-2.78E-10,-1.98E-10,-1.02E-10,-1.47E-18
9.2,-5.00E-10,-2.82E-10,-2.02E-10,-1.07E-10,-1.49E-18
9.3,-5.14E-10,-2.88E-10,-2.05E-10,-1.15E-10,-1.51E-18
9.4,-5.33E-10,-2.95E-10,-2.09E-10,-1.19E-10,-1.52E-18
9.5,-5.55E-10,-3.04E-10,-2.13E-10,-1.22E-10,-1.54E-18
9.6,-5.80E-10,-3.14E-10,-2.16E-10,-1.27E-10,-1.55E-18
9.7,-6.11E-10,-3.25E-10,-2.19E-10,-1.36E-10,-1.57E-18
9.8,-6.47E-10,-3.39E-10,-2.23E-10,-1.39E-10,-1.59E-18
9.9,-6.89E-10,-3.53E-10,-2.27E-10,-1.42E-10,-1.60E-18
10,-7.36E-10,-3.71E-10,-2.34E-10,-1.45E-10,-1.62E-18
10.1,-7.91E-10,-3.91E-10,-2.39E-10,-1.52E-10,-1.63E-18
10.2,-8.51E-10,-4.14E-10,-2.47E-10,-1.56E-10,-1.65E-18
10.3,-9.18E-10,-4.40E-10,-2.55E-10,-1.57E-10,-1.67E-18
10.4,-9.93E-10,-4.66E-10,-2.65E-10,-1.63E-10,-1.68E-18
10.5,-1.07E-09,-4.97E-10,-2.76E-10,-1.68E-10,-1.70E-18
10.6,-1.16E-09,-5.34E-10,-2.88E-10,-1.72E-10,-1.71E-18
10.7,-1.26E-09,-5.71E-10,-3.00E-10,-1.76E-10,-1.73E-18
10.8,-1.36E-09,-6.10E-10,-3.13E-10,-1.86E-10,-1.75E-18
10.9,-1.47E-09,-6.56E-10,-3.29E-10,-1.92E-10,-1.76E-18
11,-1.59E-09,-7.02E-10,-3.45E-10,-1.93E-10,-1.78E-18
11.1,-1.72E-09,-7.57E-10,-3.64E-10,-2.01E-10,-1.79E-18
11.2,-1.85E-09,-8.06E-10,-3.82E-10,-2.06E-10,-1.81E-18
11.3,-1.98E-09,-8.63E-10,-4.03E-10,-2.12E-10,-1.83E-18
11.4,-2.12E-09,-9.17E-10,-4.27E-10,-2.18E-10,-1.84E-18
11.5,-2.25E-09,-9.74E-10,-4.52E-10,-2.25E-10,-1.86E-18
11.6,-2.38E-09,-1.03E-09,-4.70E-10,-2.31E-10,-1.87E-18
11.7,-2.51E-09,-1.07E-09,-4.95E-10,-2.38E-10,-1.89E-18
11.8,-2.63E-09,-1.11E-09,-5.18E-10,-2.44E-10,-1.91E-18
11.9,-2.73E-09,-1.15E-09,-5.38E-10,-2.53E-10,-1.92E-18
12,-2.81E-09,-1.18E-09,-5.59E-10,-2.62E-10,-1.94E-18
12.1,-2.88E-09,-1.21E-09,-5.80E-10,-2.72E-10,-1.95E-18
12.2,-2.94E-09,-1.23E-09,-6.02E-10,-2.78E-10,-1.97E-18
12.3,-2.96E-09,-1.25E-09,-6.19E-10,-2.86E-10,-1.99E-18
12.4,-2.97E-09,-1.26E-09,-6.42E-10,-2.95E-10,-2.00E-18
12.5,-2.96E-09,-1.26E-09,-6.52E-10,-3.04E-10,-2.02E-18
12.6,-2.93E-09,-1.26E-09,-6.73E-10,-3.13E-10,-2.03E-18
12.7,-2.89E-09,-1.25E-09,-6.83E-10,-3.26E-10,-2.05E-18
12.8,-2.80E-09,-1.24E-09,-6.81E-10,-3.35E-10,-2.07E-18
12.9,-2.73E-09,-1.23E-09,-7.00E-10,-3.46E-10,-2.08E-18
13,-2.67E-09,-1.21E-09,-7.02E-10,-3.56E-10,-2.10E-18
13.1,-2.58E-09,-1.19E-09,-7.04E-10,-3.62E-10,-2.11E-18
13.2,-2.48E-09,-1.17E-09,-7.06E-10,-3.77E-10,-2.13E-18
13.3,-2.41E-09,-1.15E-09,-7.08E-10,-3.87E-10,-2.15E-18
13.4,-2.34E-09,-1.13E-09,-7.06E-10,-3.98E-10,-2.16E-18
13.5,-2.25E-09,-1.11E-09,-7.06E-10,-4.06E-10,-2.18E-18
13.6,-2.19E-09,-1.10E-09,-7.01E-10,-4.14E-10,-2.19E-18
13.7,-2.14E-09,-1.08E-09,-6.99E-10,-4.26E-10,-2.21E-18
13.8,-2.08E-09,-1.07E-09,-6.99E-10,-4.33E-10,-2.23E-18
13.9,-2.06E-09,-1.06E-09,-6.96E-10,-4.41E-10,-2.24E-18
14,-2.04E-09,-1.06E-09,-6.94E-10,-4.48E-10,-2.26E-18
14.1,-2.03E-09,-1.06E-09,-6.94E-10,-4.57E-10,-2.27E-18
14.2,-2.03E-09,-1.07E-09,-6.91E-10,-4.61E-10,-2.29E-18
14.3,-2.06E-09,-1.08E-09,-6.93E-10,-4.70E-10,-2.31E-18
14.4,-2.10E-09,-1.10E-09,-6.99E-10,-4.77E-10,-2.32E-18
14.5,-2.15E-09,-1.13E-09,-7.04E-10,-4.84E-10,-2.34E-18
14.6,-2.22E-09,-1.16E-09,-7.14E-10,-4.96E-10,-2.35E-18
14.7,-2.31E-09,-1.20E-09,-7.22E-10,-4.97E-10,-2.37E-18
14.8,-2.42E-09,-1.25E-09,-7.41E-10,-5.07E-10,-2.39E-18
14.9,-2.54E-09,-1.30E-09,-7.61E-10,-5.15E-10,-2.40E-18
15,-2.68E-09,-1.36E-09,-7.75E-10,-5.23E-10,-2.42E-18
15.1,-2.84E-09,-1.44E-09,-8.01E-10,-5.27E-10,-2.44E-18
15.2,-3.02E-09,-1.52E-09,-8.27E-10,-5.42E-10,-2.45E-18
15.3,-3.22E-09,-1.62E-09,-8.53E-10,-5.50E-10,-2.47E-18
15.4,-3.44E-09,-1.70E-09,-8.95E-10,-5.63E-10,-2.48E-18
15.5,-3.67E-09,-1.79E-09,-9.21E-10,-5.74E-10,-2.50E-18
15.6,-3.93E-09,-1.89E-09,-9.67E-10,-5.83E-10,-2.52E-18
15.7,-4.20E-09,-2.01E-09,-1.01E-09,-5.94E-10,-2.53E-18
15.8,-4.49E-09,-2.13E-09,-1.05E-09,-6.12E-10,-2.55E-18
15.9,-4.79E-09,-2.26E-09,-1.10E-09,-6.20E-10,-2.56E-18
16,-5.11E-09,-2.39E-09,-1.15E-09,-6.33E-10,-2.58E-18
16.1,-5.44E-09,-2.53E-09,-1.20E-09,-6.53E-10,-2.60E-18
16.2,-5.79E-09,-2.67E-09,-1.24E-09,-6.70E-10,-2.61E-18
16.3,-6.15E-09,-2.81E-09,-1.30E-09,-6.86E-10,-2.63E-18
16.4,-6.51E-09,-2.95E-09,-1.36E-09,-7.00E-10,-2.64E-18
16.5,-6.88E-09,-3.09E-09,-1.42E-09,-7.20E-10,-2.66E-18
16.6,-7.24E-09,-3.22E-09,-1.50E-09,-7.38E-10,-2.68E-18
16.7,-7.60E-09,-3.35E-09,-1.55E-09,-7.60E-10,-2.69E-18
16.8,-7.93E-09,-3.46E-09,-1.60E-09,-7.84E-10,-2.71E-18
16.9,-8.22E-09,-3.56E-09,-1.65E-09,-8.03E-10,-2.72E-18
17,-8.46E-09,-3.63E-09,-1.69E-09,-8.34E-10,-2.74E-18
17.1,-8.62E-09,-3.69E-09,-1.74E-09,-8.48E-10,-2.76E-18
17.2,-8.73E-09,-3.72E-09,-1.76E-09,-8.69E-10,-2.77E-18
17.3,-8.75E-09,-3.72E-09,-1.79E-09,-8.88E-10,-2.79E-18
17.4,-8.71E-09,-3.72E-09,-1.80E-09,-9.15E-10,-2.80E-18
17.5,-8.58E-09,-3.67E-09,-1.79E-09,-9.38E-10,-2.82E-18
17.6,-8.42E-09,-3.61E-09,-1.81E-09,-9.58E-10,-2.84E-18
17.7,-8.20E-09,-3.54E-09,-1.81E-09,-9.79E-10,-2.85E-18
17.8,-7.92E-09,-3.45E-09,-1.77E-09,-9.95E-10,-2.87E-18
17.9,-7.63E-09,-3.35E-09,-1.76E-09,-1.01E-09,-2.88E-18
18,-7.30E-09,-3.23E-09,-1.73E-09,-1.02E-09,-2.90E-18
18.1,-6.97E-09,-3.12E-09,-1.70E-09,-1.04E-09,-2.92E-18
18.2,-6.63E-09,-3.00E-09,-1.67E-09,-1.04E-09,-2.93E-18
18.3,-6.31E-09,-2.88E-09,-1.64E-09,-1.06E-09,-2.95E-18
18.4,-5.99E-09,-2.78E-09,-1.60E-09,-1.07E-09,-2.96E-18
18.5,-5.72E-09,-2.69E-09,-1.57E-09,-1.07E-09,-2.98E-18
18.6,-5.47E-09,-2.60E-09,-1.54E-09,-1.08E-09,-3.00E-18
18.7,-5.25E-09,-2.54E-09,-1.52E-09,-1.08E-09,-3.01E-18
18.8,-5.08E-09,-2.49E-09,-1.49E-09,-1.09E-09,-3.03E-18
18.9,-4.95E-09,-2.46E-09,-1.48E-09,-1.09E-09,-3.04E-18
19,-4.85E-09,-2.45E-09,-1.47E-09,-1.09E-09,-3.06E-18
19.1,-4.81E-09,-2.45E-09,-1.47E-09,-1.09E-09,-3.08E-18
19.2,-4.82E-09,-2.47E-09,-1.47E-09,-1.10E-09,-3.09E-18
19.3,-4.87E-09,-2.51E-09,-1.48E-09,-1.10E-09,-3.11E-18
19.4,-4.96E-09,-2.57E-09,-1.49E-09,-1.09E-09,-3.12E-18
19.5,-5.10E-09,-2.64E-09,-1.50E-09,-1.10E-09,-3.14E-18
19.6,-5.27E-09,-2.74E-09,-1.54E-09,-1.11E-09,-3.16E-18
19.7,-5.48E-09,-2.84E-09,-1.57E-09,-1.12E-09,-3.17E-18
19.8,-5.74E-09,-2.95E-09,-1.62E-09,-1.12E-09,-3.19E-18
19.9,-6.05E-09,-3.08E-09,-1.67E-09,-1.13E-09,-3.20E-18
20,-6.38E-09,-3.24E-09,-1.72E-09,-1.13E-09,-3.22E-18
20.1,-6.75E-09,-3.41E-09,-1.79E-09,-1.15E-09,-3.24E-18
20.2,-7.16E-09,-3.59E-09,-1.85E-09,-1.16E-09,-3.25E-18
20.3,-7.63E-09,-3.79E-09,-1.93E-09,-1.18E-09,-3.27E-18
20.4,-8.14E-09,-4.01E-09,-2.02E-09,-1.20E-09,-3.28E-18
20.5,-8.69E-09,-4.25E-09,-2.12E-09,-1.23E-09,-3.30E-18
20.6,-9.26E-09,-4.50E-09,-2.22E-09,-1.24E-09,-3.32E-18
20.7,-9.88E-09,-4.77E-09,-2.33E-09,-1.28E-09,-3.33E-18
20.8,-1.05E-08,-5.05E-09,-2.45E-09,-1.31E-09,-3.35E-18
20.9,-1.12E-08,-5.33E-09,-2.56E-09,-1.35E-09,-3.36E-18
21,-1.20E-08,-5.64E-09,-2.66E-09,-1.38E-09,-3.38E-18
21.1,-1.27E-08,-5.95E-09,-2.80E-09,-1.42E-09,-3.40E-18
21.2,-1.35E-08,-6.27E-09,-2.90E-09,-1.46E-09,-3.41E-18
21.3,-1.43E-08,-6.58E-09,-3.02E-09,-1.51E-09,-3.43E-18
21.4,-1.51E-08,-6.89E-09,-3.11E-09,-1.55E-09,-3.44E-18
21.5,-1.60E-08,-7.17E-09,-3.21E-09,-1.59E-09,-3.46E-18
21.6,-1.68E-08,-7.45E-09,-3.32E-09,-1.64E-09,-3.48E-18
21.7,-1.76E-08,-7.70E-09,-3.41E-09,-1.69E-09,-3.49E-18
21.8,-1.84E-08,-7.91E-09,-3.47E-09,-1.73E-09,-3.51E-18
21.9,-1.90E-08,-8.08E-09,-3.55E-09,-1.76E-09,-3.52E-18
22,-1.95E-08,-8.21E-09,-3.60E-09,-1.81E-09,-3.54E-18
22.1,-1.98E-08,-8.29E-09,-3.65E-09,-1.83E-09,-3.56E-18
22.2,-2.00E-08,-8.31E-09,-3.68E-09,-1.87E-09,-3.57E-18
22.3,-1.99E-08,-8.26E-09,-3.69E-09,-1.90E-09,-3.59E-18
22.4,-1.98E-08,-8.13E-09,-3.67E-09,-1.93E-09,-3.60E-18
22.5,-1.95E-08,-7.95E-09,-3.64E-09,-1.98E-09,-3.62E-18
22.6,-1.91E-08,-7.75E-09,-3.63E-09,-1.98E-09,-3.64E-18
22.7,-1.85E-08,-7.48E-09,-3.56E-09,-2.01E-09,-3.65E-18
22.8,-1.78E-08,-7.18E-09,-3.49E-09,-2.02E-09,-3.67E-18
22.9,-1.71E-08,-6.88E-09,-3.41E-09,-2.03E-09,-3.68E-18
23,-1.64E-08,-6.56E-09,-3.33E-09,-2.04E-09,-3.70E-18
23.1,-1.56E-08,-6.25E-09,-3.22E-09,-2.05E-09,-3.72E-18
23.2,-1.49E-08,-5.93E-09,-3.12E-09,-2.05E-09,-3.73E-18
23.3,-1.41E-08,-5.66E-09,-3.03E-09,-2.02E-09,-3.75E-18
23.4,-1.35E-08,-5.41E-09,-2.94E-09,-2.02E-09,-3.76E-18
23.5,-1.28E-08,-5.20E-09,-2.88E-09,-2.01E-09,-3.78E-18
23.6,-1.23E-08,-5.01E-09,-2.82E-09,-1.99E-09,-3.80E-18
23.7,-1.18E-08,-4.88E-09,-2.76E-09,-1.98E-09,-3.81E-18
23.8,-1.13E-08,-4.75E-09,-2.73E-09,-1.96E-09,-3.83E-18
23.9,-1.10E-08,-4.67E-09,-2.70E-09,-1.94E-09,-3.84E-18
24,-1.08E-08,-4.65E-09,-2.69E-09,-1.94E-09,-3.86E-18
24.1,-1.06E-08,-4.66E-09,-2.67E-09,-1.92E-09,-3.88E-18
24.2,-1.06E-08,-4.69E-09,-2.68E-09,-1.92E-09,-3.89E-18
24.3,-1.06E-08,-4.78E-09,-2.72E-09,-1.92E-09,-3.91E-18
24.4,-1.07E-08,-4.89E-09,-2.77E-09,-1.92E-09,-3.92E-18
24.5,-1.09E-08,-5.04E-09,-2.81E-09,-1.93E-09,-3.94E-18
24.6,-1.12E-08,-5.21E-09,-2.90E-09,-1.93E-09,-3.96E-18
24.7,-1.16E-08,-5.42E-09,-2.97E-09,-1.94E-09,-3.97E-18
24.8,-1.20E-08,-5.66E-09,-3.06E-09,-1.96E-09,-3.99E-18
24.9,-1.25E-08,-5.95E-09,-3.18E-09,-2.00E-09,-4.01E-18
25,-1.31E-08,-6.24E-09,-3.29E-09,-2.02E-09,-4.02E-18
25.1,-1.38E-08,-6.58E-09,-3.42E-09,-2.05E-09,-4.04E-18
25.2,-1.45E-08,-6.92E-09,-3.55E-09,-2.09E-09,-4.05E-18
25.3,-1.53E-08,-7.30E-09,-3.70E-09,-2.17E-09,-4.07E-18
25.4,-1.61E-08,-7.71E-09,-3.85E-09,-2.22E-09,-4.09E-18
25.5,-1.70E-08,-8.15E-09,-4.02E-09,-2.27E-09,-4.10E-18
25.6,-1.80E-08,-8.61E-09,-4.21E-09,-2.33E-09,-4.12E-18
25.7,-1.90E-08,-9.09E-09,-4.41E-09,-2.40E-09,-4.13E-18
25.8,-2.01E-08,-9.60E-09,-4.60E-09,-2.46E-09,-4.15E-18
25.9,-2.12E-08,-1.01E-08,-4.80E-09,-2.53E-09,-4.17E-18
26,-2.24E-08,-1.07E-08,-5.01E-09,-2.64E-09,-4.18E-18
26.1,-2.36E-08,-1.12E-08,-5.21E-09,-2.72E-09,-4.20E-18
26.2,-2.49E-08,-1.17E-08,-5.42E-09,-2.82E-09,-4.21E-18
26.3,-2.63E-08,-1.23E-08,-5.62E-09,-2.91E-09,-4.23E-18
26.4,-2.77E-08,-1.28E-08,-5.82E-09,-2.98E-09,-4.25E-18
26.5,-2.92E-08,-1.33E-08,-5.99E-09,-3.07E-09,-4.26E-18
26.6,-3.08E-08,-1.38E-08,-6.17E-09,-3.14E-09,-4.28E-18
26.7,-3.23E-08,-1.42E-08,-6.30E-09,-3.20E-09,-4.29E-18
26.8,-3.38E-08,-1.46E-08,-6.39E-09,-3.27E-09,-4.31E-18
26.9,-3.50E-08,-1.49E-08,-6.50E-09,-3.31E-09,-4.33E-18
27,-3.61E-08,-1.51E-08,-6.53E-09,-3.38E-09,-4.34E-18
27.1,-3.70E-08,-1.52E-08,-6.56E-09,-3.44E-09,-4.36E-18
27.2,-3.77E-08,-1.51E-08,-6.53E-09,-3.48E-09,-4.37E-18
27.3,-3.81E-08,-1.50E-08,-6.47E-09,-3.52E-09,-4.39E-18
27.4,-3.84E-08,-1.48E-08,-6.38E-09,-3.55E-09,-4.41E-18
27.5,-3.85E-08,-1.44E-08,-6.27E-09,-3.56E-09,-4.42E-18
27.6,-3.82E-08,-1.40E-08,-6.14E-09,-3.56E-09,-4.44E-18
27.7,-3.76E-08,-1.35E-08,-5.98E-09,-3.56E-09,-4.45E-18
27.8,-3.69E-08,-1.30E-08,-5.80E-09,-3.54E-09,-4.47E-18
27.9,-3.58E-08,-1.25E-08,-5.63E-09,-3.53E-09,-4.49E-18
28,-3.46E-08,-1.18E-08,-5.42E-09,-3.49E-09,-4.50E-18
28.1,-3.33E-08,-1.13E-08,-5.24E-09,-3.44E-09,-4.52E-18
28.2,-3.21E-08,-1.07E-08,-5.04E-09,-3.39E-09,-4.53E-18
28.3,-3.08E-08,-1.02E-08,-4.88E-09,-3.35E-09,-4.55E-18
28.4,-2.95E-08,-9.75E-09,-4.71E-09,-3.29E-09,-4.57E-18
28.5,-2.83E-08,-9.32E-09,-4.61E-09,-3.24E-09,-4.58E-18
28.6,-2.73E-08,-8.96E-09,-4.48E-09,-3.16E-09,-4.60E-18
28.7,-2.63E-08,-8.66E-09,-4.43E-09,-3.13E-09,-4.61E-18
28.8,-2.54E-08,-8.42E-09,-4.34E-09,-3.11E-09,-4.63E-18
28.9,-2.47E-08,-8.25E-09,-4.32E-09,-3.06E-09,-4.65E-18
29,-2.41E-08,-8.19E-09,-4.31E-09,-3.02E-09,-4.66E-18
29.1,-2.38E-08,-8.16E-09,-4.35E-09,-2.99E-09,-4.68E-18
29.2,-2.35E-08,-8.23E-09,-4.40E-09,-2.98E-09,-4.69E-18
29.3,-2.35E-08,-8.28E-09,-4.49E-09,-2.98E-09,-4.71E-18
29.4,-2.35E-08,-8.47E-09,-4.58E-09,-3.01E-09,-4.73E-18
29.5,-2.36E-08,-8.67E-09,-4.70E-09,-3.00E-09,-4.74E-18
29.6,-2.39E-08,-8.95E-09,-4.85E-09,-3.02E-09,-4.76E-18
29.7,-2.44E-08,-9.30E-09,-4.98E-09,-3.05E-09,-4.77E-18
29.8,-2.49E-08,-9.68E-09,-5.16E-09,-3.11E-09,-4.79E-18
29.9,-2.56E-08,-1.01E-08,-5.37E-09,-3.14E-09,-4.81E-18
30,-2.65E-08,-1.06E-08,-5.57E-09,-3.23E-09,-4.82E-18
30.1,-2.75E-08,-1.12E-08,-5.84E-09,-3.31E-09,-4.84E-18
30.2,-2.86E-08,-1.18E-08,-6.07E-09,-3.38E-09,-4.85E-18
30.3,-2.99E-08,-1.24E-08,-6.36E-09,-3.49E-09,-4.87E-18
30.4,-3.13E-08,-1.31E-08,-6.65E-09,-3.59E-09,-4.89E-18
30.5,-3.28E-08,-1.38E-08,-6.98E-09,-3.69E-09,-4.90E-18
30.6,-3.43E-08,-1.46E-08,-7.31E-09,-3.78E-09,-4.92E-18
30.7,-3.60E-08,-1.53E-08,-7.66E-09,-3.92E-09,-4.93E-18
30.8,-3.77E-08,-1.61E-08,-7.98E-09,-4.03E-09,-4.95E-18
30.9,-3.98E-08,-1.70E-08,-8.33E-09,-4.15E-09,-4.97E-18
31,-4.19E-08,-1.78E-08,-8.64E-09,-4.29E-09,-4.98E-18
31.1,-4.40E-08,-1.87E-08,-8.99E-09,-4.40E-09,-5.00E-18
31.2,-4.62E-08,-1.96E-08,-9.32E-09,-4.52E-09,-5.01E-18
31.3,-4.87E-08,-2.05E-08,-8.48E-09,-4.67E-09,-5.03E-18
31.4,-5.14E-08,-2.13E-08,-8.93E-09,-4.77E-09,-5.05E-18
31.5,-5.42E-08,-2.22E-08,-9.00E-09,-4.88E-09,-5.06E-18
31.6,-5.70E-08,-2.30E-08,-9.07E-09,-4.99E-09,-5.08E-18
31.7,-5.97E-08,-2.37E-08,-9.18E-09,-5.08E-09,-5.09E-18
31.8,-6.25E-08,-2.43E-08,-9.22E-09,-5.18E-09,-5.11E-18
31.9,-6.52E-08,-2.46E-08,-9.22E-09,-5.22E-09,-5.13E-18
32,-6.77E-08,-2.49E-08,-9.25E-09,-5.26E-09,-5.14E-18
32.1,-6.99E-08,-2.49E-08,-9.06E-09,-5.33E-09,-5.16E-18
32.2,-7.21E-08,-2.48E-08,-8.98E-09,-5.33E-09,-5.17E-18
32.3,-7.41E-08,-2.45E-08,-8.87E-09,-5.32E-09,-5.19E-18
32.4,-7.57E-08,-2.42E-08,-8.61E-09,-5.27E-09,-5.21E-18
32.5,-7.68E-08,-2.37E-08,-8.40E-09,-5.25E-09,-5.22E-18
32.6,-7.77E-08,-2.30E-08,-8.16E-09,-5.21E-09,-5.24E-18
32.7,-7.78E-08,-2.23E-08,-7.83E-09,-5.13E-09,-5.25E-18
32.8,-7.77E-08,-2.14E-08,-7.52E-09,-5.05E-09,-5.27E-18
32.9,-7.71E-08,-2.06E-08,-7.30E-09,-4.97E-09,-5.29E-18
33,-7.59E-08,-1.97E-08,-7.00E-09,-4.85E-09,-5.30E-18
33.1,-7.46E-08,-1.88E-08,-6.75E-09,-4.79E-09,-5.32E-18
33.2,-7.32E-08,-1.81E-08,-6.53E-09,-4.68E-09,-5.33E-18
33.3,-7.18E-08,-1.74E-08,-6.33E-09,-4.63E-09,-5.35E-18
33.4,-7.04E-08,-1.66E-08,-6.06E-09,-4.49E-09,-5.37E-18
33.5,-6.86E-08,-1.60E-08,-5.95E-09,-4.42E-09,-5.38E-18
33.6,-6.73E-08,-1.54E-08,-5.87E-09,-4.38E-09,-5.40E-18
33.7,-6.61E-08,-1.49E-08,-5.73E-09,-4.29E-09,-5.41E-18
33.8,-6.49E-08,-1.45E-08,-5.67E-09,-4.22E-09,-5.43E-18
33.9,-6.39E-08,-1.42E-08,-5.61E-09,-4.13E-09,-5.45E-18
34,-5.89E-08,-1.41E-08,-5.60E-09,-4.15E-09,-5.46E-18
34.1,-5.93E-08,-1.40E-08,-5.68E-09,-4.09E-09,-5.48E-18
34.2,-5.89E-08,-1.40E-08,-5.80E-09,-4.11E-09,-5.49E-18
34.3,-5.89E-08,-1.42E-08,-5.88E-09,-4.11E-09,-5.51E-18
34.4,-5.94E-08,-1.44E-08,-6.01E-09,-4.13E-09,-5.53E-18
34.5,-5.98E-08,-1.47E-08,-6.15E-09,-4.19E-09,-5.54E-18
34.6,-6.09E-08,-1.51E-08,-6.32E-09,-4.23E-09,-5.56E-18
34.7,-6.23E-08,-1.55E-08,-6.55E-09,-4.33E-09,-5.57E-18
34.8,-6.40E-08,-1.60E-08,-6.78E-09,-4.43E-09,-5.59E-18
34.9,-6.55E-08,-1.67E-08,-7.05E-09,-4.54E-09,-5.61E-18
35,-6.69E-08,-1.74E-08,-7.33E-09,-4.67E-09,-5.62E-18
35.1,-6.90E-08,-1.82E-08,-7.61E-09,-4.82E-09,-5.64E-18
35.2,-7.09E-08,-1.90E-08,-7.94E-09,-4.97E-09,-5.66E-18
35.3,-7.34E-08,-1.99E-08,-8.30E-09,-5.17E-09,-5.67E-18
35.4,-7.61E-08,-2.08E-08,-8.59E-09,-5.33E-09,-5.69E-18
35.5,-7.92E-08,-2.18E-08,-8.98E-09,-5.51E-09,-5.70E-18
35.6,-8.27E-08,-2.29E-08,-9.43E-09,-5.74E-09,-5.72E-18
35.7,-8.64E-08,-2.41E-08,-9.83E-09,-5.92E-09,-5.74E-18
35.8,-9.01E-08,-2.53E-08,-1.02E-08,-6.12E-09,-5.75E-18
35.9,-9.41E-08,-2.65E-08,-1.06E-08,-6.32E-09,-5.77E-18
36,-9.83E-08,-2.79E-08,-1.10E-08,-6.51E-09,-5.78E-18
36.1,-1.03E-07,-2.92E-08,-1.14E-08,-6.71E-09,-5.80E-18
36.2,-1.08E-07,-3.06E-08,-1.17E-08,-6.94E-09,-5.82E-18
36.3,-1.14E-07,-3.20E-08,-1.20E-08,-7.14E-09,-5.83E-18
36.4,-1.19E-07,-3.34E-08,-1.23E-08,-7.25E-09,-5.85E-18
36.5,-1.25E-07,-3.48E-08,-1.26E-08,-7.40E-09,-5.86E-18
36.6,-1.32E-07,-3.61E-08,-1.29E-08,-7.56E-09,-5.88E-18
36.7,-1.39E-07,-3.73E-08,-1.31E-08,-7.65E-09,-5.90E-18
36.8,-1.46E-07,-3.85E-08,-1.32E-08,-7.84E-09,-5.91E-18
36.9,-1.53E-07,-3.95E-08,-1.33E-08,-7.88E-09,-5.93E-18
37,-1.61E-07,-4.02E-08,-1.33E-08,-7.87E-09,-5.94E-18
37.1,-1.68E-07,-4.07E-08,-1.32E-08,-7.80E-09,-5.96E-18
37.2,-1.76E-07,-4.10E-08,-1.30E-08,-7.81E-09,-5.98E-18
37.3,-1.82E-07,-4.11E-08,-1.27E-08,-7.77E-09,-5.99E-18
37.4,-1.89E-07,-4.10E-08,-1.25E-08,-7.71E-09,-6.01E-18
37.5,-1.96E-07,-4.06E-08,-1.22E-08,-7.62E-09,-6.02E-18
37.6,-2.02E-07,-4.00E-08,-1.18E-08,-7.49E-09,-6.04E-18
37.7,-2.08E-07,-3.91E-08,-1.15E-08,-7.35E-09,-6.06E-18
37.8,-2.15E-07,-3.81E-08,-1.11E-08,-7.19E-09,-6.07E-18
37.9,-2.19E-07,-3.70E-08,-1.06E-08,-7.02E-09,-6.09E-18
38,-2.22E-07,-3.58E-08,-1.03E-08,-6.92E-09,-6.10E-18
38.1,-2.26E-07,-3.44E-08,-1.01E-08,-6.81E-09,-6.12E-18
38.2,-2.30E-07,-3.30E-08,-9.65E-09,-6.64E-09,-6.14E-18
38.3,-2.33E-07,-3.15E-08,-9.44E-09,-6.48E-09,-6.15E-18
38.4,-2.36E-07,-3.02E-08,-9.13E-09,-6.37E-09,-6.17E-18
38.5,-2.37E-07,-2.91E-08,-8.97E-09,-6.25E-09,-6.18E-18
38.6,-2.41E-07,-2.80E-08,-8.85E-09,-6.14E-09,-6.20E-18
38.7,-2.45E-07,-2.70E-08,-8.78E-09,-6.01E-09,-6.22E-18
38.8,-2.49E-07,-2.63E-08,-8.74E-09,-6.04E-09,-6.23E-18
38.9,-2.53E-07,-2.57E-08,-8.82E-09,-6.03E-09,-6.25E-18
39,-2.57E-07,-2.52E-08,-8.80E-09,-6.01E-09,-6.26E-18
39.1,-2.57E-07,-2.49E-08,-8.88E-09,-6.08E-09,-6.28E-18
39.2,-2.60E-07,-2.47E-08,-9.02E-09,-6.06E-09,-6.30E-18
39.3,-2.65E-07,-2.48E-08,-9.18E-09,-6.20E-09,-6.31E-18
39.4,-2.72E-07,-2.49E-08,-9.42E-09,-6.22E-09,-6.33E-18
39.5,-2.80E-07,-2.51E-08,-9.75E-09,-6.35E-09,-6.34E-18
39.6,-2.88E-07,-2.55E-08,-1.00E-08,-6.49E-09,-6.36E-18
39.7,-2.97E-07,-2.62E-08,-1.04E-08,-6.63E-09,-6.38E-18
39.8,-3.06E-07,-2.69E-08,-1.08E-08,-6.76E-09,-6.39E-18
39.9,-3.16E-07,-2.78E-08,-1.12E-08,-6.97E-09,-6.41E-18
40,-3.26E-07,-2.88E-08,-1.17E-08,-7.19E-09,0
